Video,Video_views,Likes,Dislikes,Category,published
"20 Tennis shots if they were not filmed, NOBODY would believe them","3,471,237","19,023",859,,2017
Lil Nas X - Old Town Road (Official Movie) ft. Billy Ray Cyrus,"54,071,677","3,497,955","78,799",Music,2019
JoJo Siwa - Karma (Official Video),"34,206,747","293,563",,Music,2024
Wiz Khalifa - See You Again ft. Charlie Puth [Official Video] Furious 7 Soundtrack,"6,643,904,918","44,861,602",,Music,2015
‰ºäË≥Ä„ÅÆÂ§©ÁÑ∂Ê∞¥Âº∑ÁÇ≠ÈÖ∏Ê∞¥„ÄåÂÆ∂Êóè„Åß„ÄÅ„Ç∑„É•„ÉØ„Ç∑„Çß„Ç¢„ÄÇ„ÄçÁØá„ÄÄ15Áßí,"236,085,971",38,,,2021
JP Saxe - If the World Was Ending (Official Video) ft. Julia Michaels,"76,834,495","804,353","21,195",Music,2019
David Kushner - Daylight (Official Music Video),"18,558,390","680,732",,Music,2023
Power Star Pawan Kalyan Special Surprise To Sensational Singer Baby|Filmy Poster,"96,686","1,007",82,Entertainment,2018
Kulit Kamu Kulit Kering dan Sensitif? Pakai Aveeno Skin Relief Lotion!,"9,605,969",6,,,2023
Totti with a funny penalty,"8,353,318","5,613","1,082",Sports,2007
Babilala ‡∏ó‡∏µ‡πà‡∏ó‡∏±‡πâ‡∏á‡πÅ‡∏°‡πà‡πÅ‡∏•‡∏∞‡∏•‡∏π‡∏Å‡∏ä‡∏∑‡πà‡∏ô‡∏ä‡∏≠‡∏ö‡∏ô‡∏±‡πâ‡∏ô‡∏Ñ‡∏∑‡∏≠‡∏≠‡∏∞‡πÑ‡∏£?,"8,718,326",46,,,2021
"Polo G, Stunna 4 Vegas & NLE Choppa feat. Mike WiLL Made-It - Go Stupid (Official Video)","7,396,199","320,910","6,485",Music,2020
Every Moment With You (ÎÑàÏôÄÏùò Î™®Îì† ÏßÄÍ∏à),"7,958,181","54,903",,Music,2024
Not a mechanical baby,"14,612,153","3,339",156,Entertainment,2011
"Yovie Widianto, Lyodra, Tiara Andini, Ziva Magnolya - Menyesal","13,894,905","452,087",,Music,2023
pevecov popek poje na sexy back,"37,460,296","4,533","10,949",Comedy,2007
"Luck Ra, Nicki Nicole - DOCTOR","8,286,096","149,421",,Music,2024
Jay Wheeler - Te La Dedico / For You (Official Video),"13,764,098","111,497",,Music,2023
"Colapesce, Dimartino - Musica leggerissima (Official Video - Sanremo 2021)","6,953,838","116,350","2,059",Music,2021
Grandma Dottie's Prom Dress Surprise,"8,414,676","2,442",103,People & Blogs,2012
Rels B - LA LATINA (Videoclip Oficial),"5,851,411","155,543","3,504",Music,2019
Together We Can Make a Difference,"10,627,797",21,6,,2019
Get back on your feet with our top rated lawyers,"98,468,536","5,492",,,2022
Jim Carrey THE FUNNIEST video,"8,322,488","6,216","11,521",Comedy,2007
TEST Œ≥ŒπŒ±ŒΩŒ± Œ¥ŒµŒπœÇ Œ±ŒΩ Œ≠œáŒµŒπœÇ Œ∫Œ±ŒªŒ¨ ŒºŒ±œÑŒπŒ¨,"699,382","8,436","1,756",People & Blogs,2017
„ÄêÊÄ•Âãü„Äë‰∏≠ÈÄîÊé°Áî®„Ç®„É≥„Éà„É™„ÉºÂãüÈõÜ‰∏≠„ÄÄ„Éì„Ç∏„Éß„É≥„Éª„Ç≥„É≥„Çµ„É´„ÉÜ„Ç£„É≥„Ç∞,"11,638,201",98,,,2022
"Kevin AMF, Tiagz - Maradona (Tatara) (Video Oficial)","5,756,535","111,266",,Music,2024
MILLION DOLLAR BABY,"11,894,076","226,375",,Music,2024
03 - 03 - 2015 AimBot,"5,923,017",62,307,Gaming,2015
"6ix9ine - FEFE ft. Nicki Minaj, Murda Beatz","1,097,393,695","9,038,575",,People & Blogs,2018
Cat mom hugs baby kitten,"59,857,489","347,772","8,212",Pets & Animals,2011
"Biggest Snake of the World for Sale, 25 000 ‚Ç¨","55,113,253","3,957","46,705",Entertainment,2008
IdentityIQ Best-Rated Credit Report Monitoring,"16,676,560",29,,,2022
kwn - worst behaviour (Official Video) ft. Kehlani,"4,386,564","159,903",,Music,2025
Polo G - Flex (Official Audio) ft. Juice WRLD,"3,845,186","122,706","1,305",Music,2020
Hanumankind - Run It Up ( Prod. By Kalmi ) | (Official Music Video),"28,181,241","1,772,692",,Music,2025
basic instinct,"6,484,622","1,102",271,Entertainment,2006
CUPRA Leon e-HYBRID,"3,873,121",4,0,,2021
The JAWS OF DEATH AROUND ME my story,"15,694,317","2,156","16,530",Pets & Animals,2007
Remember Me (Í∏∞ÏñµÌï¥Ï§òÏöî ÎÇ¥ Î™®Îì† ÎÇ†Í≥º Í∑∏ÎïåÎ•º),"5,272,487","20,088",,Music,2024
"Pedro Cap√≥, Farruko - Calma (Remix - Official Video)","2,993,030,499","13,840,531",,Music,2018
Dog meets baby kitten,"5,856,946","2,705",83,People & Blogs,2014
KINEGRAM - Making identity documents secure,"12,643,841",14,,,2022
JD Pantoja - 12‚Ä¢19 (Official Video),"7,010,732","1,027,392","34,185",Music,2020
Suzuki Hayabusa with Turbo Vmax 390kmh,"20,146,924","11,010","1,095",Autos & Vehicles,2006
Libianca - People (Visualiser) ft. Becky G,"5,353,676","113,198",,Music,2023
Roger Federer / Bill Gates vs John Isner / Mike McCready - Match for Africa 4 Highlights,"514,694","2,742",69,Sports,2017
Encuentra POP Queso Cheddar.,"21,786,732","7,102",,,2023
Rhapsody of Sadness,"3,409,906","18,968",,Music,2023
Aydem Enerji - Hayat i√ßin enerji,"3,102,751",8,0,,2020
Starcraft 2 Gameplay footage and unit preview,"7,529,927","6,075",772,Entertainment,2007
Maradonna Gods Hand,"3,777,997","2,300",854,Sports,2007
"Smartpress - Premium Print for Designers, Agencies and Brands","2,985,300",1,0,,2020
Jay Wheeler - Xexo (Official Video),"5,038,848","93,112",,Music,2023
"GabyMusic,AnuelAA,LuarLa,Lunay,Bryant Myers - No Te Quieren Conmigo(Remix)","5,461,432","159,823",,Music,2024
"Sir Nicholas Winton - BBC Programme ""That's Life"" aired in 1988","39,407,674","97,009",747,Education,2009
Why athletes should wear pants,"17,802,747","2,935","46,151",Sports,2008
Kurdish KANGAL vs.American Pitbull Terrier Dog Fight 2008,"8,066,421","1,267","5,689",Pets & Animals,2008
"Acompa√±a a Carlos Andres Acosta, mientras nos muestra la nueva Kia Sportage 2023","8,690,900",10,,,2022
–ï—Å–ª–∏ –º–µ–Ω—Ç....,"10,748,286","7,504","4,116",Music,2010
Wedding first dance w/ surprise Jack Johnson Michael Jackson,"16,485,606","15,813","1,360",Comedy,2007
Polo G - Be Something (Official Audio) ft. Lil Baby,"2,692,740","99,982","2,393",Music,2020
Bureau Vall√©e - papeterie et Fournitures de bureau,"21,596,623",7,3,Film & Animation,2019
Static & Ben El - Bella,"3,305,681","10,461",626,Music,2021
Police take advantage of a Drunk Girl,"36,311,875","24,016","4,340",News & Politics,2008
Big nipples,"13,591,249","1,951","1,628",Comedy,2006
2020Êñ∞ÁîüÊ¥ªCP„ÄåÂßã„Åæ„Çä„ÅÆÊó•„Äç15Áßí,"9,857,163",13,0,,2020
–í–∫–ª–∞–¥—á–∏–∫–∞–º –Æ–≥—Ä—ã –≤ –¶–µ–Ω—Ç—Ä–æ–±–∞–Ω–∫–µ –Ω–µ —Ä–∞–¥—ã,"204,782","5,352",63,News & Politics,2017
Sporto by Macho | The First Gaze,"52,049,705","1,307",,,2021
PUN - DAY ONE,"4,669,546","95,387",,Music,2024
7 dia,"2,943,159","33,263",,Music,2025
We asked you... What do you Chooze ?,"1,018,713","2,413",12,Autos & Vehicles,2017
Best Heavyweight Knockouts of All Time,"5,250,458","5,891",509,Sports,2007
Dog reacts to return of Nathan after two year Mormon mission,"6,040,429","5,972",194,Pets & Animals,2015
Orangutan loves baby bump,"5,989,058","4,282",282,Music,2016
Dog scared by fart,"5,938,416","3,883",129,Comedy,2015
–ù–ï –ü–û–í–ï–ó–õ–û - UNLUCKY,"14,921,437","3,604","1,225",Comedy,2009
"Visitenkarten, Flyer oder Banner schon ab unter 10‚Ç¨.","4,929,481",3,2,People & Blogs,2017
we were in love (2024) (... ÏÇ¨ÎûëÌñàÏûñÏïÑ... (2024)),"3,630,534","22,217",,Music,2024
David Beckham crazy pass (cross),"17,275,250","32,362",752,Sports,2008
LAVIE LOVE LIST | 2019,"10,188,590",9,0,Howto & Style,2019
Tra Tra Tra,"2,663,550",734,212,Comedy,2007
The ultimate seduction: Funny & bizarre slideshow,"81,744,457",,,Comedy,2008
Girl In Car Flashes Her Bra & Then Crashes Into A Truck!,"9,884,005","7,891","2,334",People & Blogs,2009
Girl blown by a plane,"12,255,456","7,725",745,Travel & Events,2012
La nevedere,"2,960,493","22,343",,Music,2022
Why Lands' End Business,"8,393,245",2,,,2021
KATSEYE - Touch (ft. YEONJUN of TOMORROW X TOGETHER),"2,279,833","168,798",,Music,2024
Lucio Corsi - Volevo essere un duro (Sanremo 2025),"6,016,657","137,088",,Music,2025
Storm (Storm),"2,113,438","12,274",,Music,2025
Barack Obama Hillary Clinton - Umbrella,"148,996,976","36,190","20,698",Comedy,2008
Nice Fight - Cops vs Drug Dealer,"17,166,129","12,980","3,713",Entertainment,2008
Uƒüur Volkan Uysal | Wix.com ile Kendi Sitenizi Kurun,"6,587,447",32,101,People & Blogs,2018
"[ÌîåÎ°úÏö∞] #Ïò§ÏùºÏàòÏä§ÌÇ® #Ïà®Î∞©Ïö∏Ïä§ÌÇ®  15""","6,354,771",44,38,,2018
Olivia Rodrigo - drivers license (Official Video),"68,224,979","3,810,456","48,539",Music,2021
ALYPH - SWIPE (ft. Dato Seri Vida) Official Music Video,"4,645,815","93,750",,Music,2022
Unleash Your Urban Style,"4,485,529",2,,,2023
Meineke Financing- 15 Second Commercial,"32,387,918","4,071",,,2020
"Asake, Central Cee - Wave (Official Video)","10,779,032","287,616",,Music,2024
JoJo Siwa - Guilty Pleasure (Official Music Video),"3,870,451","39,264",,Music,2024
Chica Atractiva,"2,638,356","33,875",,Music,2025
[Dandadan] Creepy Nuts - „Ç™„Éà„Éé„Ç±(Otonoke)¬†(Official Music Video),"13,933,735","441,696",,Music,2024
Jedna fotografija dnevno u najgoroj godini ≈æivota / One photo a day in the worst year of my life,"61,892,792","32,649","4,045",People & Blogs,2013
"Grilling Tip, How to Make a Non Stick Surface Part 1","4,702,870",786,51,Howto & Style,2014
Brock Lesnar serves breakfast in ESPN cafeteria prank | ESPN Archives,"2,472,045","28,842","1,204",Sports,2017
Top 20. Soundtracks Of All Times!,"3,590,248","2,836","2,542",Music,2007
Kobe dunks over Shaq in practice (funny),"12,649,333","4,492","1,247",Sports,2006
–¢–∞–Ω–∫ –ê—Ä–º–∞—Ç–∞,"3,954,302","4,636","1,033",,2015
CRASH-405,"2,714,140",376,"1,665",Comedy,2006
"Paragard¬Æ - 'Your Hormones, Not Ours'","24,340,652",,,,2022
All aisles lead to savings. Every day!,"22,029,100",5,,,2023
Massimo Pericolo - Moneylove (Visual Video) ft. Emis Killa,"3,824,053","36,936",,Music,2023
Kodak Black - Hit Stick,"2,032,486","87,384",,Music,2024
German Shepherd scared of Stuffed Toy Tiger. Very Funny! (ORIGINAL VIDEO & VERSION)),"5,352,751","6,997",171,People & Blogs,2015
Tenacious D - Explosivo,"2,754,518","10,186",204,Entertainment,2006
Aydem Enerji - Hayat i√ßin enerji,"2,003,221",5,1,,2020
HSMFanNisa Exclusive:High School Musical 2 Song(s)With Lyric,"7,352,624","2,538",256,Music,2007
Fo fo fo fo fristajlo!,"2,894,700","6,108",152,Comedy,2007
LILHUDDY - America's Sweetheart (Official Music Video),"3,086,667","346,074","12,082",Music,2021
Sofia Castro - Bien Por Ti (Official Video),"3,416,695","204,468",,Music,2022
Sensodent-K | Most random bahana to avoid cold drink | Tooth Mein Current,"4,385,102",52,,,2023
Sunway College - Pathway To A Brighter Future,"3,829,095",,,,2019
"Eladio Carri√≥n - Quiz√°s, Tal Vez (Live Session) | Vevo ctrl","4,196,300","56,077",,Music,2023
Eden Mu√±oz - ¬øC√ìMO TE FUE SIN M√ç?,"1,847,580","32,324",,Music,2024
Emeron Lovely Naturals Sakura,"16,040,649",41,,,2020
"ROSAL√çA, J Balvin - Con Altura (Official Video) ft. El Guincho","2,224,022,798","9,802,981",,Music,2019
How NOT to Load a New Ford F-350 Truck on a Trailer,"3,415,700",942,303,People & Blogs,2015
baby playing in mother's womb !!!!!,"5,806,522","2,810",101,Entertainment,2010
Cats Welcoming Home Soldiers (parody video),"2,126,930","1,984",259,Comedy,2014
Hello Osko by BPAY :: 15,"3,763,894",,,,2018
Coconut crab attacks bird,"2,691,332",785,225,People & Blogs,2017
Gta sa Kamehameha,"2,420,719",,,Entertainment,2008
Swimming,"25,671,563","2,240","2,419",People & Blogs,2007
Ice Spice - in ha mood (Official Video),"3,725,161","160,883",,Music,2023
‚ÄûSo wie wir Wontis es auch tun.‚Äú - Laura & J√∂rg Wontorra rufen zum Licht-Recycling auf.üí°‚ôªÔ∏è,"2,596,725",1,,,2023
"Jay Wheeler, Dei V, Hades66 - Pacto (Official Video) ft. Luar La L","20,502,045","180,683",,Music,2023
How to fix a small dent,"23,778,413","5,399",419,Education,2010
–•–æ–∫–∫–µ–π –≤ —Ñ—É—Ä–µ - –≤—ã–∑–æ–≤ –ø—Ä–∏–Ω—è—Ç!,"1,556,347","2,726","1,433",Sports,2017
44 Magnum Las Vegas,"2,345,415","7,883",259,People & Blogs,2010
Miss Carolina - se le salio!,"37,787,055","3,476","10,810",Comedy,2009
Two guys cause trouble on Ryanair,"2,451,202",697,441,People & Blogs,2016
Hot Bikini Waxing Girls!,"1,888,388",398,106,People & Blogs,2006
Bucket Bear better quality,"4,399,693","2,977",117,Pets & Animals,2014
c`e solo l inter... a farci ridere,"2,136,208","3,379","1,966",Sports,2007
Remember the 80's ?,"3,293,594","1,481",89,Comedy,2006
Œ§Œø œÄŒøŒπŒø Œ±œÄŒØœÉœÑŒµœÖœÑŒø Œ≤ŒØŒΩœÑŒµŒø œÄŒøœÖ Œ≠œáŒµœÑŒµ Œ¥ŒµŒπ œÄŒøœÑŒ≠!!! The most INCREDIBLE VIDEO EVER !!! WWW.BYTHEWAY.GR,"3,360,262","2,084","3,489",Sports,2008
Funny Foul Shot Blooper,"2,540,079","3,507",93,Sports,2011
video 1450041175 mp4,"2,368,587",732,90,People & Blogs,2015
ÎÑàÎùºÎäî Î≥Ñ,"4,406,467","18,295",,Music,2024
Sunway College - Pathway To A Brighter Future #2,"3,391,881",16,,,2019
Kim Petras & Nicki Minaj - Alone (Official Music Video),"12,935,167","279,649",,Music,2023
Work Hard. Stay Humble. Wear Dixxon.,"50,822,036",101,,,2022
High School Musical 3 - Can I Have This Dance *OFFICIAL MUSIC VIDEO w/lyrics (HQ),"25,576,382","23,880","1,691",Music,2008
Elephant Auto Insurance-  Multi Car U.S. Discount,"6,189,110",9,11,,2018
Zebra Drowning a Lion,"30,475,518","19,766","2,398",Autos & Vehicles,2009
Garth Brooks - The Dance - Kick Cancer's ASS!,"3,751,723","2,513",90,Entertainment,2014
WyzywajƒÖca Doda,"2,195,081",712,507,Entertainment,2006
–ö—Ä–µ–¥–∏—Ç –Ω–∞–ª–∏—á–Ω—ã–º–∏ 15 sec,"21,492,932",16,96,News & Politics,2017
We Treat Minor and Major Medical Issues,"13,257,401",27,15,,2019
Smartest Police Dog Ever!,"3,818,260","2,410",29,People & Blogs,2009
MIXPIX -- Mi-Arte.es,"1,699,588",2,1,,2019
Der neue CUPRA Ateca ‚Äì Create your own Path,"2,866,109",,,,2019
Grandma falls into crib,"5,198,725","3,233",640,People & Blogs,2016
"""Drake"" on the Tube...","2,683,856","7,414",457,Comedy,2012
Tundra vs Silverado,"2,600,480",738,672,Autos & Vehicles,2007
Capitoline venus,"2,181,160",63,119,Travel & Events,2007
Cat and Dog (a love story),"2,194,640","1,626",276,Pets & Animals,2007
Bl√ºmchen (Blossom) - Herz an Herz,"2,257,460","3,800",199,Music,2006
"Ghetto Kids, Kenia OS, Malo - Toketeo (Video Oficial)","1,677,733","211,037","7,579",Music,2021
"FabLab Glitter Tattoos, Hairlights and Nail Art kits! Be Creative, Be You, Be FabLab! ‚ú®","10,500,073",23,,,2021
Ricchi E Poveri - Ma non tutta la vita (Official Video) | Sanremo 2024,"6,849,596","59,198",,Music,2024
"Alex Ponce, BLANKO - La Sin Sentimientos (Official Video)","2,443,713","88,475",,Music,2024
"Olly, Juli - Balorda nostalgia (Official Video - Sanremo 2025)","27,215,183","161,626",,Music,2025
"ROA, De La Rose, Luar La L, Yan Block, Omar Courtz - ETA RMX","9,140,994","179,818",,Music,2024
Affet,"1,422,342","4,331",,Music,2025
Bunny Girl,"2,126,674","81,236",,Music,2024
perfekte welle,"2,337,888","4,430",174,,2005
Rooftop Driving Experience,"1,645,377",14,3,,2019
Silent Monks Singing Halleluia,"21,061,223","50,817","1,336",Comedy,2008
ABBA Dancing Queen 1976,"20,688,870","22,826",851,Music,2006
Horse attacks alligator! Payne's prairie 4/12/17,"2,173,396","2,235",200,People & Blogs,2017
two fake umps.MOV,"1,338,441","3,712",135,Sports,2010
Safe Sleep for Baby,"3,400,850",181,156,Education,2011
westerland,"5,289,591","8,542",269,,2006
WTC in a perfect world,"3,476,635","5,982","2,129",Film & Animation,2007
The megalodon-World's Biggest Shark,"13,893,527","8,744","5,157",Entertainment,2007
Groom forgets rings prank,"2,760,303","1,730",212,Entertainment,2016
Natalie Jane - AVA (Lyric Video),"1,592,225","59,621",,Music,2022
"Berani Lawan Harpic Mom? Pakai Harpic 10x Lebih Bersih, Segampang itu!","14,399,348",562,,,2023
KUSUKA Keripik Singkong - Greatest Time,"21,865,902",16,,,2023
SweeTARTS | Be both | Wedding,"83,720,474",114,,,2021
ÿßÿÆÿ™Ÿéÿ± ÿµÿ≠. ÿ¥ŸàŸÅ ÿßŸÑŸÅÿ±ŸÇ ŸÖÿπ ÿ±Ÿäÿ¨ŸäŸÜ,"7,927,774",1,,,2023
"Si, Si Eres Tu","10,363,316","337,066",,Music,2023
7liwa - Rwicha (Official Music Video),"1,662,974","45,556",,Music,2024
Teresa & Maria,"11,757,639","160,328",,Music,2024
Á¥´¬†‰ªä¬†-¬†È≠îÊÄß„ÅÆÂ•≥A„ÄÄLyric¬†Video,"1,581,463","61,186",,Music,2024
Barbie-Girl,"22,225,399","10,788","3,217",Film & Animation,2006
ProtoType gameplay,"3,128,367","4,724",605,Entertainment,2008
Weird People and Animals,"11,474,129","2,458","4,833",Comedy,2008
Lola and Annie - Road Trip Karaoke,"7,095,244","4,677",200,Comedy,2017
DIESEL LOUIE,"1,605,558","1,035",52,Autos & Vehicles,2007
4 year old little girl feeding and controlling six #pitbulls / Girl Controls Future Dog Trainer,"6,691,213","3,008",342,People & Blogs,2015
Big Fish - trailer,"2,126,010","3,046",119,Entertainment,2006
over 500 strokes per minute,"2,285,448","1,104","5,442",Howto & Style,2007
Titanic - The Drawing Scene,"1,765,315",444,"1,079",Comedy,2006
"morodo, la yerba del rey","5,337,381","5,237",263,News & Politics,2007
Mulatto - No Hook (Official Video),"2,138,136","123,687","1,793",Music,2020
Devils Fingers or Octopus Fungus Clathrus archeri December 2014,"6,705,396",791,42,Autos & Vehicles,2014
"Gerald Daugherty Campaign: ""Please Re-Elect Gerald...Please!""","3,923,892","6,783",103,People & Blogs,2016
Smart German Shepherd:  Twitch Letting Sophie Out of Her Kennel,"9,071,139","6,457",432,Pets & Animals,2012
Help your local hospital workers in the fight against COVID-19,"1,895,774",0,0,,2020
Morray - Trenches (Official Music Video),"1,352,140","58,129","1,051",Music,2021
Be√©le - Si Te Interesa (Official Video),"1,450,005","94,228","1,067",Music,2021
NURO Biz„ÄåÂÆâÂÆöÊÄß„ÄçÁØá 15Áßí,"6,459,787",4,,,2022
CHAINSAW BLOOD / VaundyÔºöMUSIC VIDEO,"5,767,744","98,070",,Music,2022
Your Wyndham Is Waiting :30,"12,559,128",,,,2023
LINDOR Made to Melt You,"72,815,244",108,,,2021
"Yovie Widianto, Ziva Magnolya - Menanti (Official Music Video)","3,264,026","58,596",,Music,2023
‚ÄéGood Night Good Dream (Ï¢ãÏùÄ Î∞§ Ï¢ãÏùÄ Íøà),"1,776,477","9,118",,Music,2024
Addison Rae - Aquamarine (Official Video),"2,641,333","135,303",,Music,2024
Coraz√≥n Partido,"1,494,141","17,261",,Music,2025
supercars accidents !!!!!!!,"2,021,817",694,230,Autos & Vehicles,2007
Bie≈ºnie inSPORTline - Na ka≈ºdƒÖ pogodƒô!,"16,093,134",30,27,People & Blogs,2017
Aitch - Safe To Say,"1,330,363","84,759","1,749",Music,2020
ShemarooMe - BOLLYWOOD | GUJARATI | DEVOTION | PUNJABI | KIDS,"1,226,138",1,0,People & Blogs,2019
BREAK IT OFF ‚ñ∫ SEAN PAUL & RIHANNA,"35,610,827",,,Travel & Events,2007
If you watch this 100 times you'll still laugh !,"45,597,951","97,649","27,835",Comedy,2008
"Korea, the best dancer ever!!!","24,082,631","36,946","13,769",Entertainment,2007
End Of Watch Trailer,"3,212,936","1,083",76,Film & Animation,2012
Rally driver's killer reflexes,"7,261,710","15,509",685,Sports,2011
Crazy Turtle,"12,093,713","6,766","1,337",Entertainment,2007
"Top Ten most Awesome Boat , Crashes, Collisions, Sinkings and Amazings Sights at Sea","3,062,448","1,642",273,Education,2009
„ÉÜ„É¨„ÉìCM „Äå„Åè„Çâ„Åó„Çí„Ç∑„Ç¢„ÉØ„Çª„Å´„Åô„Çã„ÄÅ„Åú„Çì„Å∂„ÄÇ„Äç15Áßí,"4,827,088",9,2,,2020
The Rockettes 'Be My Baby' video,"6,636,077","1,284",41,Music,2013
Vegam√°lun G√çH,"3,012,775","1,632",162,People & Blogs,2017
Traditional Malaysian blowpipe maker shows how he takes down his prey in the wild,"3,510,345","32,449",248,Film & Animation,2017
Doug Fernandez gives up,"2,002,491","19,461",185,People & Blogs,2017
–ú–∏—Ä –Ω–µ –±–µ–∑ –¥–æ–±—Ä—ã—Ö –ª—é–¥–µ–π    –ó–∞–±—ã–≤ –ø—Ä–æ —Å–≤–∞–¥—å–±—É,"2,068,532",839,45,Music,2017
Napoleon. Always in for a thrill. NL,"4,245,390",2,3,,2019
Buffet,"2,751,775","5,401",342,Comedy,2016
Customer Fail!,"4,525,935","8,052","2,288",People & Blogs,2016
Blue Angels Fly By,"7,980,199","11,170",417,Comedy,2015
Tyla Yaweh - I Think I Luv Her (Lyric Video) ft. YG,"2,124,429","19,110","1,256",Music,2019
Convert JPG to PDF with Convert-JPG-to-PDF.net,"1,275,912",373,116,,2012
"Dare to live without limits, FibreGuard Stain Resistant Fabric","1,370,100",7,0,,2018
video picante del jaripeo,"4,148,013",442,846,Entertainment,2009
Carle and Health Alliance ‚Äì Redefining healthcare around you,"1,320,929",8,2,,2019
University of Arizona v.s. UCLA Streaker Dressed as Referee 2011 ENTIRE VIDEO (ORIGINAL),"2,601,392","3,467",580,Entertainment,2011
Breast Flexing,"4,119,405","1,819",215,Entertainment,2007
DOBLAJES DX EL CHAVO CHAPULIN COLORADO,"1,886,651",421,"1,040",Comedy,2007
How to Change a Nipple Piercing,"11,658,971",596,"7,432",Howto & Style,2011
"Crocodile attacks couple  in Zimbabwe , Kariba 2016 Insta @stueysink88","4,422,005",879,338,Pets & Animals,2016
Lil Kee - What You Sayin ft. Lil Baby,"2,716,318","83,058",,Music,2022
"Buat kamu yang #BeraniExtra, Cobain Susu UHT Greenfields yang #ExtraTasty!","91,527,894",61,,,2022
How to Save Water Around the Yard,"10,671,714",19,,,2022
√Örets beste griller - Prisguiden griller grillekspertene,"2,531,881",15,,,2018
NERDS Gummy Clusters | Roll Bounce,"12,348,407",19,,,2023
Helping small businesses find a way,"1,949,456",0,,,2021
ALFA - Vai! (Official Video - Sanremo 2024),"5,192,650","49,065",,Music,2024
Trueno - REAL GANGSTA LOVE (Visualizer),"3,079,234","109,936",,Music,2024
Isadora Pompeo - Ovelhinha (Ao Vivo),"2,934,585","66,830",,Music,2024
"Sabe que os mlk √© drake, n√£o √© bigode n√£o","1,415,045","18,770",,Music,2024
ROSONES,"1,143,334","27,036",,Music,2024
Ready? Ready.,"1,486,824","4,805",143,People & Blogs,2016
Privacy in a brand-named hotel,"22,529,178","6,601","2,414",People & Blogs,2014
Ocean Mist Cut Down,"6,815,505",38,14,,2019
Reckless Driver Videos Himself Speeding On Facebook Live Before Accident,"3,653,602","3,162","4,296",Travel & Events,2016
"Empleados de BANAMEX d√°ndose de arrimones en Angel√≥polis, Puebla","3,649,044",192,"4,753",News & Politics,2010
Ë™∞„Åß„ÇÇÁ∞°Âçò„ÄÅÁÑ°Êñô„ÅßÂÖ¨ÈñãÔºÅ„Éõ„Éº„É†„Éö„Éº„Ç∏‰ΩúÊàê„Å™„ÇâWix.com,"22,504,802",165,88,Howto & Style,2016
Old man is having fun under metallica,"2,566,313","25,274",399,Entertainment,2017
Experimento Asiento Inc√≥modo,"2,516,672","1,285",868,People & Blogs,2017
Rollercoaster bezichtiging in Ermelo,"4,851,071","3,934",141,People & Blogs,2014
–°–∏–¥–∏—Ç —Å–µ–±–µ —Ç–∞–∫–æ–π —Å—Ç–∞—Ä–µ—é—â–∏–π –°–µ—Ä—ë–∂–∞... (–¢–∞—Ä—É—Ç–∞ –º—É–ª—å—Ç–∏–∫),"1,020,604","1,123",9,People & Blogs,2017
Daddy yankee Llamada De Emergencia oficcial video,"3,393,600","1,210",126,Music,2008
American Terrorist Christopher Cantwell balls his eyes out,"1,283,550","1,966","5,740",People & Blogs,2017
Chinese boy breaks elevator with his pee pee,"2,171,435",990,102,People & Blogs,2018
Superman Disguise,"1,388,327","6,100",97,People & Blogs,2010
Touch at Your Own Risk,"2,637,024","3,931",222,People & Blogs,2017
Bio-Oil Love your marks,"22,620,709",34,12,Howto & Style,2019
"Lisa Simpson calls Donald Trump Presidency, Increased Debt","5,099,101","6,432",350,Comedy,2011
Accident in ski lift Gudauri Georgia,"1,070,767",694,184,People & Blogs,2018
atlantis waterslide lol,"1,421,652",475,38,Entertainment,2007
New 15 ' SunSense Sunscreen - Expert Care for the Sun Aware 30' Ad 2019/20 Summer,"1,207,217",2,1,,2019
SHP SHPT1013 Brand Pre Roll Triplets 30   Unslated MP4,"1,394,372",,,,2019
Lionel Messi VS Real Madrid The Fight,"1,851,681",705,"1,163",Sports,2009
HELLS ANGELS BEAT & STAB BANDIDOS BIKER GANG,"2,659,150",375,150,News & Politics,2007
Backyardigans,"1,232,789",216,120,Entertainment,2010
Court room beating,"3,569,473","2,312",131,People & Blogs,2006
BACILOS LA CARA DE LA LUNA,"2,142,731","2,971",89,Music,2008
The best gymnastics of the world 1,"1,998,858","1,783",292,Sports,2007
Cars: Mater-National ps3,"1,459,766",105,54,Entertainment,2008
Stuck Tractor,"13,021,062",,,Autos & Vehicles,2007
"Hippo Charge on Chobe River Jan2015, recorded with iPhone 6; Botswana, Awesome but crazy dangerous.","9,735,098","14,563",773,People & Blogs,2015
Kid at Minecon 2016 asks what we all wish we could answer,"1,669,272","23,510",502,People & Blogs,2016
Bruce Lee VS japanese school,"22,075,523","25,688",0,Film & Animation,2007
"Brest terres oc√©anes, le bout du monde √† port√©e de main !","1,310,703",93,,,2020
Sauti Sol - Lil Mama (Official Audio),"1,642,529","27,426",,Music,2022
Amarah Bagaikan Korek Api,"15,504,921",90,,,2022
#WhatMakesUsOne - by The Times of India - (60sec),"34,955,901",20,,,2023
Destroy Lonely - Look Killa (Short Film) (Short Film),"1,194,149","89,811",,Music,2023
"Chencho Corleone, Peso Pluma - HUMO (Official Video)","8,915,202","199,564",,Music,2024
Tiryakinim,"8,170,818","45,890",,Music,2024
don't leave me (Í±∞ÏßìÎßêÏ≤òÎüº),"1,787,169","13,937",,Music,2024
"Rema, Shallipopi - BENIN BOYS","3,795,164","112,684",,Music,2024
Luck Ra - ROBAME UN BESO (Official Video),"1,891,707","41,102",,Music,2024
JENNIE - ZEN (RUBY ALBUM MARCH 7),"30,170,014","1,932,403",,Music,2025
"Nanpa B√°sico, Kris R. - Cari√±itos Y Flores (Official Video)","4,208,059","63,605",,Music,2025
UWAIE,"8,114,376","122,955",,Music,2024
Trueno - REAL GANGSTA LOVE (Official Video),"15,985,735","263,086",,Music,2024
Eden Mu√±oz - todo me vale madre,"1,144,941","30,525",,Music,2024
Helping small businesses find a way,"1,688,453",2,,,2021
Tinius Olsen in Education,"9,605,323",5,,,2021
"–¢—ñ—Å—Ç–æ ""–õ–µ–≤–∞–¥–∞"". –ù—É —ñ –∑–∞–º—î—Å! 20 —Å–µ–∫.","4,782,416",17,,,2021
DIE 4 YOU,"5,766,751","65,566",,Music,2023
Ice Spice & Nicki Minaj - Princess Diana (Official Music Video),"45,990,411","1,128,880",,Music,2023
Hitana,"1,614,632","9,651",,Music,2023
Cracker Barrel Cheese: The Big Night (:15s),"17,485,016",10,,,2023
ARIETE - MARE DI GUAI (Official Video - Sanremo 2023),"1,130,141","17,689",,Music,2023
Say My Name,"1,845,505","18,095",,Music,2023
‰∫∫‰∫ãÈÉ®„ÅåÈÅ∏„Å∂„Éô„Çπ„Éà„Éê„Ç§Ôºà30ÁßíÔºâ ÔΩúÂÅ•Â∫∑ÁÆ°ÁêÜ„Ç∑„Çπ„ÉÜ„É† CarelyÔºà„Ç±„Ç¢„É™„Ç£Ôºâ,"3,952,851",7,,,2022
Kids Tiffin,"17,363,846",4,,,2023
"Jhay Cortez, J. Balvin, Bad Bunny - No Me Conoce (Remix)","2,399,769,757","6,684,120",,Music,2019
A Needed Response,"11,622,727","39,804","1,872",,2013
How to surprise a horse,"1,625,194","7,357",352,Comedy,2016
Service station attempted robbery,"346,486",433,8,People & Blogs,2016
Lep≈°√≠.TV - Nov√° dimenze sledov√°n√≠ televize On-line,"3,997,769",7,1,,2021
Best of Both Worlds,"14,813,633","11,336","1,289",Entertainment,2006
SHOCKING!! Tumor of 186 Pounds! - Man Pleads For Help.,"45,105,963","3,902","6,244",People & Blogs,2011
–ù–∞–ø–∞–¥–µ–Ω–∏–µ –±–∞–π–∫–µ—Ä–æ–≤ –Ω–∞ –º–∞—à–∏–Ω—É! (—Å –Ω–µ–æ–∂–∏–¥–∞–Ω–Ω—ã–º –∫–æ–Ω—Ü–æ–º!),"15,766,889","15,639","2,200",People & Blogs,2014
Color changing Lightning McQueen,"7,005,951",803,907,Gaming,2010
Funny baby girl faces,"13,524,975","10,164","1,532",People & Blogs,2007
When You play dodgeball with a Softball player. licensing@rumble.com,"2,134,991","12,128",299,Comedy,2017
Bird learns how life works,"4,916,042","74,420",703,Gaming,2015
—ç–∫—Å—Ç—Ä–µ–º–∞–ª—å–Ω—ã–π –≤–∑–ª–µ—Ç –≤ –ë–æ–¥–∞–π–±–æ.mp4,"1,891,710","3,389",109,Autos & Vehicles,2012
Election Day (16x9 - 15 seconds) | Elections Canada,"3,036,451",1,,,2021
HOW TO GET IT - HYPNOTIQ FT. LIL WAYNE (PRODUCED BY SOUNDMASTER T),"3,040,398","8,936",17,Music,2016
Noble Official Trailer,"2,110,253",146,6,,2015
How to spend a sick day,"4,292,471","1,650",29,People & Blogs,2014
Ikan Besar Terdampar di pantai anakotao/Hulung Des,"8,191,516","1,978",357,People & Blogs,2017
–≤–Ω–µ–∑–∞–ø–Ω–æ,"962,437","2,280",257,People & Blogs,2017
–°—É–ø–µ—Ä –≥–µ—Ä–æ–∏ —Å–µ—Ä–≤–∏—Å–∞ Nissan ‚Äî –¢–∞–π—Ä–æ,"1,921,703","2,947","1,776",People & Blogs,2017
Clumsy Dog,"3,432,791","24,140",254,Gaming,2017
BuitenHof Tuinmeubelen | Weten dat het goed zit,"1,804,589",0,1,,2019
Proposal In Disney World With A Surprise Ending,"3,379,064","3,034",149,Entertainment,2012
–£–ø—Ä–∞–≤–ª—è—Ç—å –±–∏–∑–Ω–µ—Å–æ–º —É–¥–æ–±–Ω–æ –∏ –ø—Ä–æ—Å—Ç–æ! –ü–∞–∫–µ—Ç —É—Å–ª—É–≥ ‚Äú–õ–µ–≥–∫–∏–π —Å—Ç–∞—Ä—Ç‚Äù –æ—Ç –°–±–µ—Ä–±–∞–Ω–∫ –¥–ª—è –º–∞–ª–æ–≥–æ –±–∏–∑–Ω–µ—Å–∞.,"8,162,969",29,7,Nonprofits & Activism,2018
Im sorry?,"3,670,491","30,180",171,People & Blogs,2017
The Metigy Command Centre promo,"1,040,965",27,22,,2018
porch hands,"788,325","1,899",82,Film & Animation,2016
"Fripozo | Alrededor de una mesa se comparten un mont√≥n de cosas‚Ä¶y sin ella, tambi√©n.","2,067,244",38,26,Howto & Style,2018
Deep Eddy Vodka: Set the Stage,"4,000,769",2,0,Entertainment,2018
"ILLENIUM, Jon Bellion - Good Things Fall Apart","10,358,663","169,009","3,138",,2019
SHP SHPT1005 Medicare Pre Roll Stanley 30   Unslated MP4,"1,281,721",0,0,,2019
"ILLENIUM, Jon Bellion - Good Things Fall Apart (Lyric Video)","3,474,334","108,128","1,292",Music,2019
URBAN LIFESTYLE - Iconix Energy Youtube Commercial,"1,698,423",7,4,Sports,2019
A Breech In The System - trailer,"48,637,746","3,343","2,670",People & Blogs,2010
Woman harassed and hit by a man in the streets of Paris [Eng/Fr],"7,022,746","1,638",760,People & Blogs,2018
WII,"1,634,684","8,333",338,Entertainment,2006
MUSTANG DRAG CAR @ WSID=1,"1,428,328",427,247,Autos & Vehicles,2007
"faire grossir sa poitrine, ses seins how to make big tits boobs","2,271,592","2,923",215,Film & Animation,2011
Best Robot Dance Ever - Icmeler 2010,"2,576,129",950,"4,503",Entertainment,2010
Seleccion Argentina 2010 Waving Flag,"1,190,356","2,026",65,Sports,2009
Luciana Vendramini no F√≥rmula √önica,"2,900,719",365,171,Entertainment,2006
H√∂vding krocktest,"2,394,252","1,734",87,Science & Technology,2010
SHARK ATTACK - Don't touch the glass !!,"2,058,082","7,435","1,067",People & Blogs,2014
The Most Loving Cat In The World,"3,411,990","4,751",74,People & Blogs,2015
Parks and Rec Come back joke,"2,482,309","20,964",224,Comedy,2012
AIELLO - ORA (Official Video - Sanremo 2021),"1,132,390","23,083",887,Music,2021
Êñ∞ÊôÇ‰ª£ („Ç¶„Çø from ONE PIECE FILM RED),"4,321,634","156,105",,Music,2022
Doechii - Anxiety (Visualizer),"40,116,402","1,032,825",,Music,2025
üò≠,"101,094,612","3,259,676",,Entertainment,2025
JENNIE & Dominic Fike - Love Hangover (Official Video),"31,499,047","1,719,118",,Music,2025
Rocket Blast Off #messingaround #flying #fun #brothers #playing #hangtime,"156,690,686","1,868,300",,Sports,2024
EVLƒ∞ MUTLU CISTAK,"1,024,855","5,714",,Music,2024
Are You Sharp Enough? with Darrelle Revis | PointsBet Sportsbook,"1,072,369",3,1,,2019
Mila Kunis Tells Off A Reporter In Fluent Russian,"3,324,459","23,701",834,Entertainment,2012
Golpes de padel,"982,730",382,40,,2007
Cocin√° a le√±a con Bosca,"1,140,657",4,0,Entertainment,2019
Crayola lets kids go free to Sea Life,"1,041,896",7,3,Education,2019
Boomerang,"3,050,764","3,939",290,Comedy,2005
Prehistoric shark captured on film,"12,466,431","11,517",769,Pets & Animals,2007
Kale's nail biting video 1,"1,123,520",253,735,People & Blogs,2017
Beijing Airpocalypse Arrival,"1,237,586","1,923",438,People & Blogs,2017
I can feel it down in my plums....,"1,576,942","4,498",153,Comedy,2009
Âè∞ÂåóÊï∏‰ΩçÂª£ÂëäÂ∏∂ÊÇ®ÊéåÊè°Á§æÁæ§Ë°åÈä∑,"3,875,011",31,34,,2014
Dance Precisions   Scream   Shout,"1,731,322",963,206,Music,2014
–ñ–∏–∑–Ω—å –ø–ª–∞—Å—Ç–∏–∫–æ–≤–æ–π –±—É—Ç—ã–ª–∫–∏,"2,061,290","2,432",387,People & Blogs,2017
Man shot on camera by the police - Police brutality,"17,056,400","8,834","4,604",Entertainment,2011
Elephant lucky from the jaws of crocodile,"2,730,336","1,187",169,People & Blogs,2017
Best Western Sverige - 30 s - Med erbjudande,"1,009,282",7,1,,2021
EyePet Trailer,"1,227,844","1,019",79,,2008
Mr Bean imitator 3 voor amusement - boekt u bij www.jbproductions.nl,"8,411,133","1,194","1,216",Entertainment,2007
Flying nut high five,"7,852,043","62,744",748,People & Blogs,2014
Ae Dil Hai Mushkil Cover Unwind -- Tabitha Chettupally,"5,081,915","5,011",118,People & Blogs,2017
YouTubeÈÖç‰ø°Â∫ÉÂëä„ÄåÁ§æÂì°ÁôªÂ†¥Á∑®„Äç,"4,592,080",58,31,Autos & Vehicles,2015
Carlsberg stunts with bikers in cinema,"22,426,928","50,810",806,Entertainment,2011
Panchlait - Teaser 2 | Prem Modi | Funtime Entertainment,"885,706","5,835",217,Film & Animation,2017
tommy wiseau can't understand millennials,"3,320,857","28,326",198,Comedy,2017
Maximus by Kerbedanz - the biggest known tourbillon for wristwatch,"1,263,651","10,376",126,People & Blogs,2017
kitchen makeover fail,"3,975,191","1,514","2,231",People & Blogs,2012
FIA WEC 2018 Spa Francorchamps Crash #17 BR Engineering BR1-AER Eau Rouge,"1,586,550","1,739",75,Gaming,2018
Explosion galaxy note7 in the burger king korea,"3,957,239","4,330","2,350",People & Blogs,2016
Phoenix - Lisztomania - Boston University Brat Pack Mashup,"3,824,693","15,236",858,,2010
Carlos Alberto 1970 wondergoal,"1,512,563","1,552",118,Sports,2006
"Polident Super Sigillante - Spot TV 15""","3,502,797",2,0,,2021
Marea que se joda el viento,"1,574,564","1,540",66,Music,2006
GTA San Andreas Car Mods,"1,407,396",975,134,Entertainment,2007
The Red Solstice 2:Survivors - Price of failure,"7,812,856",197,10,Gaming,2019
"Just Eat - M√∏d L√™L√™, Grillen Burgerbar, Kebabish & Perbacco","9,619,541",8,16,Entertainment,2018
Subaru Get More G's Ad 1,"9,149,607","4,290",515,Autos & Vehicles,2010
DBGT ssj4 Gogeta vs Omega Shenron,"1,135,406",605,55,Film & Animation,2008
2018 new jazz club songs - Bossa NIGHT -(dance remix),"2,379,886",,,Music,2011
VTEC SOUND,"1,439,814","2,379",110,Autos & Vehicles,2006
James Showing His Ben 10 Omintrix Watch Toy,"3,351,812",,,People & Blogs,2007
Comedian Hits on Hecklers Girlfriend,"5,260,834","6,870","1,032",Comedy,2007
Primer Ca√±o a Ronaldinho,"1,736,901","1,861",306,Sports,2007
"Ronaldinho,C.Ronaldo,Kaka","4,970,841","3,199",257,Sports,2010
REAL LIFE TRANSFORMER,"1,818,326","1,989",284,People & Blogs,2007
FloRida - Right Round (VinylRockerz Remix),"3,334,348","3,889",471,Music,2009
Disney songs (2),"2,141,164","1,164",74,Film & Animation,2007
Alicia Keys How to Save A Life (the Fray Cover) Radio One Live Lounge,"974,519","1,532",803,Music,2009
"Margot loves Brown Bear, Brown Bear. Baby laughing","3,320,366","1,239",28,People & Blogs,2014
Strange creature freaks out plantation workers in Sarawak,"9,700,006","2,478","2,027",News & Politics,2015
Polar bear petting dog,"8,058,364","24,707","1,821",Entertainment,2016
Light Rain,"3,488,820","2,995",60,Entertainment,2009
JD Pantoja - 12‚Ä¢19 (Trailer),"2,144,710","317,352","8,155",Music,2020
"MS Inside Out: My name is Sean, and this is my story.","1,417,655",,,,2018
Funny commercials-21,"3,285,284",702,0,Comedy,2010
Aslay feat. Harmonize - Follow Me (Official Music Video),"1,397,658","44,137",,Music,2022
PRAN Peanut Bar | ‡¶∏‡ßç‡¶Æ‡¶æ‡¶∞‡ßç‡¶ü ‡¶ï‡¶ø‡¶õ‡ßÅ ‡¶ñ‡¶æ‡¶ì,"5,615,545",7,,,2023
Coma_Cose - L'ADDIO (Official Video - Sanremo 2023),"3,672,887","41,513",,Music,2023
Oxlade - KU LO SA (Official Video),"6,005,457","134,873",,Music,2022
Classy 101,"11,170,714","157,703",,Music,2023
Carrabba's Italian Roots,"34,772,211",24,,,2021
"Jay Wheeler, Anuel AA, Hades66 - Pacto (Remix) (Official Video) ft. Bryant Myers, Dei V","16,651,507","517,095",,Music,2023
"Gazo, Tiakola - NOTRE DAME (Visualizer)","1,551,825","27,064",,Music,2023
Eladio Carri√≥n - Cuevita (Live Session) | Vevo ctrl,"2,246,356","26,765",,Music,2023
„ÄêRENOSYÔºà„É™„Éé„Ç∑„ÉºÔºâ„ÄëÁ¢∫Â∫¶„ÅÆÈ´ò„ÅÑ‰∏çÂãïÁî£ÊäïË≥á_15Áßí,"15,489,613",19,,,2023
–ú–æ–∂–Ω–æ —è —Å —Ç–æ–±–æ–π (can i come with you),"2,218,610","92,278",,Music,2024
Laf 2.0,"1,068,698","11,495",,Music,2024
ƒ∞htimallerde Yoksan,"2,028,211","10,812",,Music,2024
UWAIE,"6,903,203","45,620",,Music,2025
"Papa V, Nerissima Serpe, Fritu -‚Å† Wop Wop feat. Shiva (Audio)","914,168","14,506",,Music,2025
Me And The Devil (SLOWED + ECO),"1,593,787","18,204",,Music,2025
Í∑∏ÎûòÏÑú Í∑∏ÎåÄÎäî,"1,830,212","7,770",,Music,2024
Bi Polar (SAYGI1),"885,313","12,792",,Music,2024
Ysrael Barajas - GPI 2 (Video Oficial),"983,919","20,719",,Music,2024
Sobran Motivos,"1,574,149","13,731",,Music,2024
RickRoll'D,"78,178,105","318,037","44,953",Music,2007
My dad flew into town to surprise his parents.,"888,893","8,190",113,People & Blogs,2016
Fat Bike caught on an Electric Fence!,"3,580,228","13,803",406,People & Blogs,2017
Girl falls off stage while getting proposed to at dallas music festival ORIGINAL (part 1),"322,489",887,239,People & Blogs,2017
Cantona VS Supporter,"3,694,102","5,186",465,Sports,2011
„Éë„É≥„ÉÑ„Å†„Åë„Å™„ÅÆ„ÅØÊ≠£Â∏∏„Åß„Åô,"5,498,422",561,234,Howto & Style,2008
Real Exorcism of Anneliese Michel,"38,507,859",,,People & Blogs,2007
Â©öÂâçË©¶ÊÑõ 2010Âπ¥12Êúà23Êó• ÈõªÂΩ±Âª£Âëä,"48,695,613","2,444","2,753",Film & Animation,2010
Toys.ee - BABY born¬Æ nukk,"18,423,437","2,431","1,853",Entertainment,2008
"Rihanna ""Cry""","32,695,896","47,735","1,456",Music,2007
Funny Football,"37,544,668","37,127","2,904",Comedy,2006
Ministry of Silly Walks,"9,558,072","39,783","1,251",Comedy,2006
burp helium (so funny),"12,552,948","81,470","2,073",People & Blogs,2014
the fast and the furious music,"4,043,321","1,617",581,Music,2009
Driving on Water,"1,208,750",392,15,Autos & Vehicles,2007
Kelly Clarkson - Stronger (lyrics + deutsche √úbersetzung),"2,264,728","4,545",126,Music,2012
John Cena - My Time Is Now,"38,332,239","52,593","5,494",Music,2007
Ken Lee or Without you by Mariah Carey (ENGLISH SUBTITLES),"18,308,842","28,127","1,491",Entertainment,2008
BallsCrash,"280,745,872","64,224","21,652",Comedy,2009
Sister Act 2 - Oh Happy Day,"37,730,464","87,538","1,589",Music,2006
Of Monsters And Men - Love Love Love,"3,474,904","16,311",170,Music,2010
Early Voting Options 2 (16x9 - 30 seconds) | Elections Canada,"2,358,658",0,,,2021
Red Suit || Official HD Video || Latest Punjabi Songs || RK Ramme,"1,080,296","2,237",61,Music,2017
Die W√ºrttembergische - Passt-sich-an-Prinzip Umzug,"1,867,469",4,1,,2019
Discover the way banking should be - Regional (10 sec),"1,743,437",0,0,,2016
"–ë–∞–ª–∞–∫–ª–µ—è, –•–∞—Ä—å–∫–æ–≤, –º–æ–º–µ–Ω—Ç –¥–µ—Ç–æ–Ω–∞—Ü–∏–∏","1,941,205","4,907",197,People & Blogs,2017
Opening a 9-year old Easter egg,"2,807,049","3,455","1,006",People & Blogs,2017
Knight and Day - Trailer 3,"1,530,779","1,098",66,Entertainment,2010
THE #TWOFINGERSOFWILDNESS EVENT,"1,320,219",,,People & Blogs,2015
Loch Ness Monster Sighting 7th May 2017 About 9am,"1,894,110",447,985,Travel & Events,2017
Najlepszego Polsko!,"1,465,545",85,44,,2018
ITS ALL IN THERE REMIX,"2,081,718","3,024",52,Music,2017
"Denver morning news show tries Carolina Reaper #OneChipChallenge, goes badly","896,464",,,Comedy,2017
David Nalbandian angrily kicks Linesman in Queens Final [17/6/12] - BBC One (ORIGINAL VIDEO),"4,758,192","2,286",991,Entertainment,2012
I was in a wedding and smashed my face,"1,596,447","6,001",176,People & Blogs,2017
Fox News idiocy.,"1,227,176","5,383",457,News & Politics,2017
Bike Race Free - Racing Game - Lots of NEW CONTENT,"26,882,229","3,145","1,435",Gaming,2016
9-30-2017 Marilyn Manson Hammerstein Ballroom prop/stage collapse,"1,315,977",799,221,People & Blogs,2017
"This is a dollar, not a card","1,144,211","6,389",132,People & Blogs,2017
Fedez - Prima di ogni cosa (Official Video),"4,833,788","202,477","7,131",Music,2018
Meet Will,"3,121,597","40,432",313,Comedy,2018
Mad Mike Hughes (RUFF) blasts off 03-24-18,"1,083,036",,,Science & Technology,2018
Zebet - Comment avoir la cote ? Avec le DOUBLE BONUS !,"1,903,815",0,1,,2019
Antibiyotik Mevsimi Geldi!,"14,941,185",3,2,,2019
Earn & Redeem PAYBACK Points on Shopping ‚Äì Big Bazaar,"20,096,070",47,11,,2020
Accidente en lineas  de alta tension,"809,389",161,30,Education,2008
Insano - The biggest waterslide of the world - Brazil - Cear√° - Fortaleza,"2,429,774",743,218,Comedy,2009
Air Crashes & Accidents,"4,668,120",562,"1,486",Autos & Vehicles,2009
Dashcam BMW crash,"5,666,551","14,735","1,208",People & Blogs,2016
Lamborghini Reventon vs. Tornado,"9,550,473","8,190",873,Autos & Vehicles,2008
Carnival Magic Cruise ship nearly runs over jet skiers,"1,701,340","2,062",328,Nonprofits & Activism,2017
Audi RS6 5.0 V10 TFSI Beschleunigung 0-351km/h www.kubatech.de,"4,546,880","2,408",272,Autos & Vehicles,2009
Subway¬Æ | Richtig lecker. Richtig g√ºnstig. | TV Spot,"10,537,317",33,17,Entertainment,2020
8 Rules of Fight Club Trailer,"1,352,408","2,752",97,Entertainment,2006
The Muppets Electrical Nose Warmer,"944,461","1,267",41,Comedy,2007
Kid singing Britney Spears scared to death by his mom,"11,940,134","39,480","2,324",Comedy,2007
Waving Flag - Cancion del Mundial Sudafrica 2010 - K'naan y David Bisbal.flv,"1,694,185","2,000",46,Sports,2010
Kingdom Hearts: Birth By Sleep (PSP) trailer [High Quality],"4,245,757","14,725",346,Entertainment,2007
King Kuduro - Il faut danser,"4,816,624","3,361",181,Music,2009
GTA San Andreas Tuning Mod,"1,532,108",647,91,Gaming,2009
È≠ö„ÇíÁîü„Åã„Åó„Å¶„ÅÑ„Åü„Çâ„ÄÅ„Åæ„Åï„Åã„ÅÆÊÉ®‰∫ãÔºÅÔºÅ,"2,306,190",106,300,Sports,2009
pool trickshots in the news,"1,216,090",694,84,Sports,2007
UFO-Doctor Doctor,"1,142,679","4,305",55,Music,2008
Bull Moose Charges Truck,"3,775,980","5,080","6,017",Pets & Animals,2009
Vai ser Burra assim la longe,"3,458,731","1,897",381,Comedy,2008
My Diablo 3 Inferno Tactic,"2,362,860","22,368",787,Gaming,2012
Selena Gomez Come And Get It Live Performance SINGING LIKE AN ANGEL !,"5,943,702","7,132","2,859",Music,2009
Simona Halep Q Match1_2 Paris Indoors 2009,"5,529,798","2,561",132,Sports,2009
Glentoran 1-0 Portadown BURROWS GOAL,"5,400,744",,,Sports,2010
singing hippopotamus,"6,380,182","3,440",399,Comedy,2005
"Marcela Gandara ""Antes de Ti""","1,803,120",572,41,Music,2006
Derrick Barry (Britney Spears) - America's Got Talent,"5,370,442","12,906",757,Entertainment,2008
10/21 ËãóÊ†ó‰∏≠Ê≠£ÁõÉÔºçËê¨ËÉΩÁßëÂ§ßÁêÉÂì°ÊîªÊìä‰∏≠Â§ÆÂ§ßÂ≠∏ÁêÉÂì°,"635,395",137,763,People & Blogs,2016
Cleveland and Chicago Unite to Defeat Trump - TrumpTraders.org,"1,155,708",21,62,News & Politics,2016
2016 MAMA ÁéãÂ§ßÈô∏ Â§ßÂπ≥Âè∞,"1,735,464","2,708","4,760",People & Blogs,2016
Rabbit Vs Snake.  Momma Rabbit save babies - Original Video,"24,914,138","21,753","1,239",Pets & Animals,2015
Yakult One And Only - English,"34,686,085",391,179,Travel & Events,2017
Heaven - DJ Sammy Remix,"11,370,933","21,100",0,Music,2006
Club 4 Paws Selection ‚Äî –õ—é–±–æ–≤ –∑–∞–≤–∂–¥–∏ –≤—á–∞—Å–Ω–æ,"8,058,118",210,,,2022
Prohibidox,"7,149,556","109,633",,Music,2022
Seen,"1,212,699","8,362",,Music,2023
Aslay - Inauma (Official Music Video),"1,606,569","34,829",,Music,2023
"OnPoint Community Credit Union | ""Community"" Commercial","3,798,286",22,,,2020
Tiryakinim,"6,332,540","64,248",,Music,2024
"Gazo, Tiakola - CARTIER (Visualizer)","1,366,275","34,494",,Music,2023
Bƒ±raktƒ±ƒüƒ±n Gibi Burdayƒ±m,"1,291,926","10,366",,Music,2024
¬øNudo por estr√©s?,"58,296,785",19,,,2022
Isadora Pompeo - Tetelestai (Ao Vivo) ft. Carol Tauber,"1,205,733","34,861",,Music,2024
Bƒ±raktƒ±ƒüƒ±n Gibi Burdayƒ±m,"1,889,571","13,340",,Music,2024
Trueno - RAIN III (Visualizer),"2,157,197","129,977",,Music,2024
Eden Mu√±oz - Traigo Saldo y Ganas de Rogar,"1,077,182","18,109",,Music,2024
A kind-hearted elderly person rescued an injured peacock.#animals #wildliferescue #rescueefforts,"146,925,966","1,616,667",,People & Blogs,2025
Drawing the pillar of lifeü•∂üóø#trollface #trollfaceedit #troll,"133,062,446","3,173,002",,People & Blogs,2025
El General Panter B,"749,036","6,820",,Music,2025
JENNIE - like JENNIE (Official Video),"60,535,069","2,515,187",,Music,2025
Ysrael Barajas - Pl√°tica Con Cupido (Cover Audio),"2,139,232","29,151",,Music,2025
PUN - BF (feat. URBOYTJ),"1,588,998","39,090",,Music,2024
"SEVDALIZA - ALIBI | Live From Vevo Studios ft. PABLLO VITTAR, YSEULT","5,368,532","223,418",,Music,2024
Squid Game - Round and Round Mingle (Marimba Ringtone),"4,822,670","74,581",,Music,2024
¬°Que Te Pasa!,"1,668,686","24,060",,Music,2024
JADE - Angel Of My Dreams (Official Video),"5,396,154","214,969",,Music,2024
your pet‚Äôs perfect moment ü§≠ #petportrait #funnypets #perlover #petpainting #fyp #petparent #petart,"117,001,584","860,277",,People & Blogs,2025
Ben Kalbimin Orta Yerine Seni Yazdƒ±m,"765,423","4,561",,Music,2024
Rauw Alejandro - Touching The Sky (Official Video),"3,139,901","109,406",,Music,2024
–ß–∞–π LOVARE. –í—ñ–¥—á—É–π –∫—Ä–∞—Å—É!,"9,822,893",42,,,2021
The HVAC Whisperers,"2,441,730",5,4,,2019
Unlikely couple: Liaison between a Sika deer and a Japanese snow monkey,"3,126,743","1,009",474,Pets & Animals,2017
Jeopardy: What is a threesome?,"2,838,751","7,651",126,Comedy,2011
„Äê15 ÂàÜÈêòË≤∏ÈñÉÂà∞Êâã„ÄëÂ§ßÊñ∞‰∫§Á®Ö„ÄåÂø´ÊáâÈå¢„Äç,"2,375,682",15,4,,2019
"Spinal Tap - ""These go to eleven....""","1,880,022","10,651",160,Comedy,2011
"Assault on Most Reverend Manuel A. Cruz, Auxiliary Bishop of the Archdiocese of Newark","1,301,276","1,317",530,Film & Animation,2017
√Ñlg i vak,"2,104,408","8,941",147,Pets & Animals,2017
LA CINTURA MAS DELGADA DEL MUNDO,"54,003,557","15,233","10,100",Entertainment,2007
David Hasselhoff - Hooked on a Feeling,"13,848,813","42,810","4,411",Music,2006
Wooden spoon trick - Sleifaratri√∞i√∞,"5,644,916","10,964",416,Entertainment,2010
QURAN,"437,840",30,218,People & Blogs,2017
"Familiada - Imiƒô mƒôskie na literƒô O. (Oliwier, Oliwia)","969,271","4,668",204,People & Blogs,2017
Elephant Multi Car Discount,"3,102,746",0,2,,2019
Ryan Gosling - Epic Old Dancing Videos 1992,"1,694,235","6,734",210,People & Blogs,2015
Ronaldinho truco incre√≠ble 2011,"21,752,141","7,507","1,779",Sports,2011
Ovechkin fight vs Columbus,"908,626","4,112",376,Entertainment,2017
Spider-man - Double Track - Fan Film [2007],"30,976,762","9,263","4,457",Film & Animation,2007
Mr.President- Coco jumbo,"8,029,186","13,431",522,People & Blogs,2007
Metallica-Fade To Black,"35,496,234","88,736","2,442",Music,2006
Phun Car,"7,045,249","1,006","1,151",Science & Technology,2009
Super platano brothers,"1,595,388","14,720",344,Comedy,2017
Red Dawn Trailer,"3,964,762","1,323",222,Entertainment,2012
My Name Is - Eminem (Backwards Message),"3,541,035","5,004",575,Music,2006
Ê¥•Ê≥¢„ÄÄTSUNAMI - Earthquake (3/11)„ÄÄ20110411,"6,683,001","2,295",345,Comedy,2011
Teijin Aramid | Be sure with aramids in automotive,"2,783,994",3,0,Science & Technology,2020
The last thing my Nest cam saw...,"1,103,324","2,863","3,111",Comedy,2017
–ù–∞—Ü–∏–æ–Ω–∞–ª–∏—Å—Ç—ã –Ω–∞ –º–∏—Ç–∏–Ω–≥–µ 12 –∏—é–Ω—è. –†–∞—Å—Å–ª–µ–¥–æ–≤–∞–Ω–∏–µ Je Suis Maidan,"1,220,251","1,393","2,469",People & Blogs,2017
2017 04 12 Przejscie,"1,098,005","7,520",422,People & Blogs,2017
ALDO LE CHEF COCHON KARAOKE,"4,875,239","2,746",652,,2011
"KAMILLA - –ù–µ—Ç –ª—é–±–≤–∏ (–ü—Ä–µ–º—å–µ—Ä–∞ –∫–ª–∏–ø–∞, 2017)","1,260,133","3,393","1,468",People & Blogs,2017
Announcing Fyre Festival,"3,293,365","1,563","12,051",People & Blogs,2017
Ê∞¥ÊóèÈ§®Â§ßÈ≠öÁ™ÅÁÑ∂Ê≠ª‰∫° Sudden death of a fish in Okinawa aquarium,"1,194,632","1,207",738,People & Blogs,2013
Jean-Claude Juncker drunk and bitch slaps leaders,"2,668,268","5,378",576,People & Blogs,2015
Maddie Waiting for the Beat to Drop,"9,868,674","68,446","2,692",People & Blogs,2017
"Rado≈õƒá w prezencie, czyli CEWE FOTOKSIƒÑ≈ªKA Majewskich","3,006,030",8,1,,2018
Black bear charge(attack) fire river ontario spring 2017,"5,002,420","7,240","1,243",People & Blogs,2017
"Silverado 500,000 mile celebration","836,184","11,538",283,People & Blogs,2017
Android Lost intro,"1,552,477",321,93,People & Blogs,2015
Chroma Key test,"7,527,125","41,698","1,547",Entertainment,2010
Grandpa Break Dancing Battle,"1,274,520","1,207",78,People & Blogs,2014
–≠—Ç–æ —à–æ–∫..–≤–æ—Ç —Ç–∞–∫ —Ä—É—Å—Å–∫–∏–µ –∞–∫—Ç–µ—Ä—ã –ø–æ–¥—Ä–∞–±–∞—Ç—ã–≤–∞—é—Ç –≤ –Ω–æ—á–Ω—É—é —Å–º–µ–Ω—É..,"769,783",715,"10,522",People & Blogs,2017
New Champ Kayn/Rhaast Leak for LOL (Moobeat credit me you derro),"847,249","1,857",173,People & Blogs,2017
–†–µ–≤–æ–ª—é—Ü–∏—è –Ω–∞ –î–≤–æ—Ä—Ü–æ–≤–æ–º :)),"711,353","1,222","3,832",Entertainment,2017
John Michael Montgomery-Letters From Home,"1,998,307","2,600",595,,2009
Fedez - PRIMA DI OGNI COSA (Teaser),"885,149","29,689","2,992",Music,2018
You can't even text and walk,"1,154,376","10,616",496,People & Blogs,2017
#Despacito with snoring - Despacito con ronquidos,"2,812,994","18,051",762,People & Blogs,2017
Coconut tree fall on woman 'Kanchan Rajatnath',"1,568,903",489,200,People & Blogs,2017
Plan Novo - Brackets,"3,640,958",4,0,,2019
Artifact new game announcement from Valve crowd reaction,"1,301,165","17,084","1,900",Music,2017
Innovate the Industry by Burrow,"2,298,709",13,4,,2018
Brian Ambrosini - AMC Gremlin - Wheelie Competition - Winner!,"15,505,994","5,350",280,Autos & Vehicles,2006
El Connecto,"3,583,270","41,735",485,People & Blogs,2018
Dennis Lloyd - Never Go Back (Official Video),"720,437","26,772",274,Music,2019
G√∂nder Gelsin!,"5,634,653","1,268",191,,2021
"Begun, the Duck War has","3,586,169","51,443",300,Entertainment,2017
Party Boy Corey Worthington and his Famous Sunglasses,"896,419","7,060",152,News & Politics,2008
ËÅØÈÇ¶ÈäÄË°å2018ÂìÅÁâåÂΩ¢Ë±°Âª£Âëä-Áõ∏‰ø°‚ÄßÂ∏åÊúõ (60ÁßíÂÆåÊï¥Áâà),"5,842,728",299,76,People & Blogs,2018
Cat doesn't like Trump,"1,200,385","4,548",198,People & Blogs,2016
"◊ë◊§◊†◊ò◊ü ◊ò◊ô◊§◊ï◊™ ◊¢◊ô◊†◊ô◊ô◊ù, ◊¢◊õ◊©◊ô◊ï ◊ë◊ê◊®◊ô◊ñ◊™ ◊ë◊ß◊ë◊ï◊ß ◊ó◊ì◊©◊î! ◊ú◊©◊ô◊§◊ï◊® ◊î◊ú◊ó◊ï◊™ ◊ï◊ú◊î◊ß◊ú◊î ◊ï◊ò◊ô◊§◊ï◊ú ◊ë◊¢◊ô◊†◊ô◊ô◊ù ◊ô◊ë◊©◊ï◊™","1,606,955",2,0,,2019
Jessie J 'Domino' [HIT SINGLE] Official Lyric Video + Single Cover (Full Song),"14,378,553","29,600",779,,2011
Bassem Rashidi - Rabbi Salli | Send Blessings ( ÿ®ÿßÿ≥ŸÖ ÿ±ÿ¥ŸäÿØŸä - ( ÿ±ÿ®Ÿä ÿµŸéŸÑŸêŸë,"1,047,281","1,172",5,Music,2016
Bjergsen Mom Appear in bikini during stream,"2,166,792","2,993",174,Gaming,2016
V'OLGA - –õ–û–í–ò–õ–ê,"1,136,235","2,735",756,People & Blogs,2017
Amtrak F40PH and Amfleet Cars Video 1,"1,212,253",128,60,Autos & Vehicles,2007
expo mouland,"1,060,048",276,73,Autos & Vehicles,2008
Poligrip Max Seal - The Big Game,"3,714,231",5,7,People & Blogs,2018
Motorcycle Accident,"2,581,137",977,812,Autos & Vehicles,2009
Red Remover Walkthrough 21-45 on PAR,"10,288,090","2,194",643,Gaming,2009
David Tavar√© - Hot Summer Night (Oh la la la),"1,337,402","1,893",74,Music,2008
Me prende!! megusta sentir tu cuerpo!!,"861,153",305,57,Music,2011
Amazing Japanese Fake Pool,"44,730,824","68,934","3,827",People & Blogs,2007
How To Train Your Dragon 2 and Cartoon Series Information [Read Description],"1,597,739",,,Entertainment,2011
Bob Sapp vs. Kimo UFC-K1 fight,"1,223,675","1,022",148,Sports,2008
–°–¢–û–ü –•–ê–ú. –≤–æ–¥–∏–ª–∞ –• 5 –±—É—Ä–∏—Ç –ø–æ –ø–æ–ª–Ω–æ–π,"2,595,029","4,452",570,Autos & Vehicles,2011
4 year old section Juan and Edgar,"1,006,860",680,615,Entertainment,2006
Dj Akman KLibi www.xwebtasarim.com,"1,069,153",341,32,Music,2006
KAJOL IN YEH DIL LAGI,"73,698,562","6,092","4,683",Entertainment,2009
"Oda a ""The britains got talent"" (subtitulado).","2,125,187","2,542",180,People & Blogs,2012
Gta san andreas Drift 2,"1,613,818",929,692,Entertainment,2007
train stuck in snow,"1,463,580",834,96,News & Politics,2010
Sims 2 - Everyday,"877,651",592,76,Film & Animation,2007
Lee Sin's great escape [Fixed!],"1,610,253","9,278",152,Gaming,2012
The Black Dahlia movie trailer,"820,548",996,56,Entertainment,2006
mike mo 12 yrs old,"899,520","2,384",189,Sports,2008
"Gregory lemarchal, sos d'un terrien en detresse","1,538,856","1,263",37,Music,2006
Ford Mustang Launch (street),"1,001,605","2,214",27,Autos & Vehicles,2008
ANAHI (rebelde) bailando LAS DIVINAS (remix),"9,347,451","2,426","1,565",Entertainment,2009
Billie Jean (Live),"1,240,220","3,198",67,Entertainment,2006
"Fedezd fel! 3D s√©ta √°ruh√°zunkban | m√∂max, trendben otthon","1,128,947",0,0,,2019
–ü—Ç–∏—Ü –∑–∞—Å–∞—Å—ã–≤–∞–µ—Ç –≤–º–µ—Å—Ç–µ —Å –∑–µ—Ä–Ω–æ–º –Ω–∞ —Ö–ª–µ–±–æ–∑–∞–≤–æ–¥–µ,"3,120,409","21,206","2,663",People & Blogs,2016
paulista,"940,489",471,"1,155",People & Blogs,2016
The Big Fat Quiz Of The 90s   Mr Blobby,"951,835","7,347",121,People & Blogs,2014
"Fasma, GG - Parlami (Official Video - Sanremo 2021)","757,718","25,704",243,Music,2021
Naruto - Konoha's Hokage,"1,054,505","1,137",0,Entertainment,2008
"DacƒÉ n-ai bani (feat. Beach, Please!)","1,015,509","9,689",,Music,2022
Chema Rivas - LA ROJA (CANCI√ìN MUNDIAL) (Video Oficial),"726,826","39,271",,Music,2022
Elizabeth Banks Introduces The Snake Rewards Program,"1,019,641",39,,,2022
"X-MEN FOR BOSS LEGEND ‚Äì H∆Ø∆†NG GI√ì BI·ªÇN THANH M√ÅT, KH·ª¨ M√ôI & KH√î THO√ÅNG","19,956,533",25,,,2022
"Senseo, votre d√©licieux caf√© certifi√©* Rainforest Alliance !","3,023,958",0,,,2023
WOO! BoomBoom Nasal Inhalers on Shark Tank [Recap],"16,762,388","6,093",,,2019
"GloRilla, Cardi B - Tomorrow 2 (Official Music Video)","31,909,765","638,566",,Music,2022
No_se_ve.mp3,"3,085,869","45,677",,Music,2023
First American Home Warranty Commercial,"3,137,485",83,,,2020
"UMI, V - wherever u r (ft. V of BTS) official lyric video","4,273,176","521,085",,Music,2023
ORIGAMI ALL'ALBA - CLARA,"2,030,824","26,233",,Music,2023
Gazo - 100K (Visualizer),"1,167,599","32,821",,Music,2023
"–ü–µ–ª—å–º–µ–Ω—ñ ""–õ–µ–≤–∞–¥–∞"". –ü–æ–≤–Ω–∏–π —Ñ–∞—Ä—à. 20 —Å–µ–∫.","3,355,479",36,,,2021
"–ú–ª–∏–Ω—Ü—ñ ""–õ–µ–≤–∞–¥–∞"". –ù–∞ –ø–æ–≥–æ—Ç–æ–≤—ñ! 20 —Å–µ–∫.","3,464,450",16,,,2021
Get your biggest tax refund guaranteed. Always free federal and $14.99 state filing.,"13,870,467",31,,,2021
2BACONIL | INDIA'S 1ST NICOTINE TRANSDERMAL PATCH TO QUIT SMOKING | SMART WAY TO QUIT SMOKING,"5,092,957",115,,,2017
Darell - Lollipop (Official Video),"47,154,379","381,348",,Music,2023
"Libresse¬Æ Pads - Padanan Selesa, Serapan Sempurna","33,353,387",14,,,2022
Sofia Castro - Te Juro No Te Miento (Official Video),"2,581,581","135,813",,Music,2024
"Luck Ra, Tiago PZK - FUE CULPA TUYA","2,700,431","50,507",,Music,2025
Please save the babyüò≠,"76,133,774","2,746,942",,People & Blogs,2025
FUNNIEST EXPLODING BASKETBALL MOMENTS üèÄüí•,"67,630,800","1,901,288",,People & Blogs,2025
Passo Bem Solto (Ultra Slowed),"4,678,071","57,629",,Music,2025
injection with green tamatos,"81,323,847","189,564",,Education,2025
Best Perspectives of @jordikoalitic ‚ò†Ô∏è..,"141,469,074","2,296,129",,Entertainment,2025
AI-Generated: Learn the Importance of Road Safety (Part 1) #aivideo,"69,350,734","307,889",,People & Blogs,2025
ÂÅΩÁâ©ÂÅΩÁâ©ÂÅΩÁâ©ÂÅΩÁâ©ÂÅΩÁâ©ÂÅΩÁâ©ÂÅΩÁâ©ÂÅΩÁâ©ÂÅΩÁâ©ÂÅΩÁâ©ÂÅΩÁâ©ÂÅΩÁâ©ÂÅΩÁâ©ÂÅΩÁâ©ÂÅΩÁâ©ÂÅΩÁâ©ÂÅΩÁâ©ÂÅΩÁâ©ÂÅΩÁâ©ÂÅΩÁâ©ÂÅΩÁâ©ÂÅΩÁâ©ÂÅΩÁâ©ÂÅΩÁâ©ÂÅΩÁâ©ÂÅΩÁâ©ÂÅΩÁâ©ÂÅΩÁâ©ÂÅΩÁâ©ÂÅΩÁâ©ÂÅΩÁâ©ÂÅΩÁâ©ÂÅΩÁâ©ÂÅΩÁâ©ÂÅΩÁâ©ÂÅΩÁâ©ÂÅΩÁâ©ÂÅΩÁâ©ÂÅΩÁâ©ÂÅΩÁâ©ÂÅΩÁâ©ÂÅΩÁâ©ÂÅΩÁâ©ÂÅΩÁâ©ÂÅΩÁâ©ÂÅΩÁâ©ÂÅΩÁâ©ÂÅΩÁâ©ÂÅΩÁâ©ÂÅΩÁâ©,"685,189","30,320",,Music,2024
Ke≈üke,"8,730,489","128,682",,Music,2025
Amigos y Enemigos Almighty,"1,099,456","8,224",,Music,2024
Ne Aƒülarsƒ±n Benim Z√ºlf√º Siyahƒ±m (feat. Celo),"676,986","1,780",,Music,2025
"Moncho Chavea, Oscar El Ruso, Samueliyo Baby, Samuel G - PAM PAM","1,590,709","13,425",,Music,2024
If You Ask Me What Love Is,"6,299,705","34,472",,Music,2024
"JENNIE, Doechii - ExtraL (Official Video)","38,076,762","1,924,672",,Music,2025
Struggling with a new Phone,"1,451,235","16,223",634,Entertainment,2017
Big Bang Theory - Why Sheldon does not celebrate christmas,"1,684,744","4,911",135,Comedy,2010
Saugella 4Ever,"1,159,214",0,0,,2020
–º–µ—Ç–µ–æ—Ä–∏—Ç –•–∞–∫–∞—Å–∏—è 06 12 2016,"1,344,770","8,338",351,Autos & Vehicles,2016
Rocky Balmoto,"2,218,572","10,869","1,626",People & Blogs,2016
Charlie vs Swayze,"2,740,111","5,818",289,People & Blogs,2014
Dave Chappelle on Martin Lawrence and Hollywood Culture,"1,135,513","6,993",85,People & Blogs,2014
PANEK subskrypcja,"2,048,773",20,2,,2019
La lozione anticaduta TRINOV √® finalmente in farmacia,"2,023,816",42,37,,2018
Don't Try This At Home,"1,282,361",180,66,People & Blogs,2016
BBC Weatherman Caught Giving Middle Finger on Stage,"510,985","3,000",156,News & Politics,2010
Lina Hinestroza es una muestra de lo que somos | Synlab,"825,829",6,1,,2019
Irie Maffia: Hands In The Air,"1,944,899","5,590",107,Music,2008
Pirate War: Age of Strike (Playwar Strategy Game official video),"999,009",152,70,People & Blogs,2017
Man streaming paid main event fight on facebook caught by foxtel,"874,365","2,262",494,People & Blogs,2017
MMA Fighter KO's Ring Card Girl,"1,163,800",78,257,Comedy,2016
Amazing dog saves another dog by Rafael Franciulli perro rescata otro perro,"1,623,506","2,602",528,Music,2017
Sound of Music | Central Station Antwerp (Belgium),"32,829,385","67,866","1,405",Entertainment,2009
Cute Golden retriever rescuing her teddy bear,"2,789,609","12,852",427,People & Blogs,2013
"A Leopard Hunting A Wild Boar -  Yala National Park, Sri Lanka - A WalkWithJith tour","12,939,960","2,304","4,304",Travel & Events,2011
Collateral - Tactical Draw Hip Shot [HD],"1,012,866","2,735",122,Entertainment,2012
2009 2010 car crashed - MUSIC SUCKS,"1,312,023",942,484,Autos & Vehicles,2009
Autos Waschen f√ºr Kinder - Android Spiel von Google Play,"743,942",85,54,Education,2017
"50Îßå Ïú†ÌäúÎ≤Ñ Ïó†ÏïåÏù¥ Ïù∏Ï†ïÌïú ÏïÑÏø†ÏïÑÌîΩ Íµ¨Í∞ïÏÑ∏Ï†ïÍ∏∞, ÏïÑÏßÅÎèÑ ÏïàÏì∞ÏÑ∏Ïöî?!","995,595",8,26,,2019
–ú–∞—Å—à—Ç–∞–±–Ω–∞—è –¥—Ä–∞–∫–∞ –Ω–∞ –º–∞—Ç—á–µ –ë–∞—Ä—Å–µ–ª–æ–Ω–∞ - –†–µ–∞–ª.mp4,"651,436",331,80,Sports,2011
hipnotize,"9,248,421","7,999","1,268",Howto & Style,2007
Fake lenovo subwoofer,"896,059","2,624",93,Comedy,2013
–∞—Ö–∞—Ö*,"48,947,998","9,522","9,893",People & Blogs,2010
–ü–æ–¥–±–æ—Ä–∫–∞ –Ω–µ–≤–µ—Ä–æ—è—Ç–Ω—ã—Ö —É–¥–∞—á 3,"10,235,025","20,874","1,453",People & Blogs,2011
Andrea Dellacasa  Sacandose ropa interior - Asi Somos [completo],"62,614,185","6,877","7,171",Entertainment,2010
In Flames - Trigger,"8,393,871","30,145",709,Music,2006
1 Guy KOs 7 Guys,"3,492,694","4,014","2,081",Sports,2011
It happens only in India !!!,"3,102,872","10,975",195,Entertainment,2011
Rubi de #LosXvdeRubi abucheada en los Premios MTV Miaw 2017,"601,433","2,164",524,People & Blogs,2017
real transformers,"957,498",411,182,Film & Animation,2007
Plaza English,"710,850",40,6,Film & Animation,2015
EKV - Krug (spot),"2,819,880","6,306",141,Music,2009
Food defender! Puppy vs ducks.,"1,628,501","2,798",123,Entertainment,2011
Fisher Price Laugh & Learn Fun With Friends Musical Table,"54,091,018","8,602","10,707",Gaming,2009
"Hups Baby Club, Slovakia","18,376,221","12,785","1,726",People & Blogs,2009
Hans Zimmer - Black Hawk Down (Main Theme),"18,846,951","57,057","1,006",Film & Animation,2008
Cat pushes dog into swimming pool,"682,941","1,811",186,Comedy,2015
All Football Intro,"1,984,750",197,106,People & Blogs,2017
"‚òÉ Kid get's smacked by city plow driver ‚ùÑÔ∏è Belleville, Ontario","1,257,621","6,113","2,075",Nonprofits & Activism,2016
Barbara Weldens - Du pain pour les r√©veille-matin,"1,509,526","1,070",114,People & Blogs,2015
Gruzi - Don't let me down,"1,089,084","4,492",91,Music,2017
„Äê100‰∏áÂÜçÁîüÂõûÊï∞ÈÅîÊàê„Äë‚òÖÂ§ßÈò™‰∫∫Ê∞ó„Éä„É≥„Éê„Éº„ÉØ„É≥„ÅÆ„Ç®„Çπ„ÉÜ„Çµ„É≠„É≥‚òÖ1ÂàÜÈñì„Éù„É≥„Éù„É≥„Åô„Çã„Å†„Åë„ÅßÁ©∂Ê•µ„É™„Éï„Éà„Ç¢„ÉÉ„Éó,"1,017,738","3,326","2,277",People & Blogs,2017
Scuba instructor pulls kitchen knife out of shark's head in Cayman,"2,083,069","1,962",175,People & Blogs,2017
Flying Phoenix Tattoo ORIGINAL VIDEO!,"2,109,447",823,45,Film & Animation,2017
"Coldplay covers Linkin Park's ""Crawling""","1,034,276","5,518",468,Music,2017
AND1 STREETBALL [Knock On Wood],"868,433","1,081",47,Sports,2007
–ò –∫–∞–∫ —ç—Ç–æ –Ω–∞–∑—ã–≤–∞–µ—Ç—Å—è?,"545,044","1,706","3,138",People & Blogs,2016
Intrepid Fallen Heroes Fund,"715,609",32,6,,2017
Messi  loses tooth,"672,977",888,"1,455",People & Blogs,2017
LOTR cast make fun of Orlando Bloom,"2,756,627","12,934",195,Film & Animation,2011
Baby argues with Dog,"2,594,516","3,122",307,Comedy,2014
Brother just sent me this,"622,782","8,883",348,Entertainment,2017
150 Car Pile-Up on Michigan Highway I-94,"3,658,799","4,636",508,People & Blogs,2015
ARTH 2 Theatrical Trailer | Arth The Destination Official Trailer 2017,"1,342,169","8,347",14,Entertainment,2017
Dany Boon rend hommage √† sa maman et Johnny Hallyday,"1,125,194",,,News & Politics,2017
Doce Novembro - Creed - With Arms Wide Open,"2,389,729","2,464",56,Music,2007
◊û◊î◊§◊õ◊™ ◊î◊í◊í◊ï◊™ ◊î◊°◊ï◊ú◊ê◊®◊ô◊ô◊ù ◊ô◊ï◊¶◊ê◊™ ◊ú◊ì◊®◊ö!,"980,441",5,1,,2019
Evie's first sip of Coke,"2,098,844","9,508","1,647",People & Blogs,2017
Ottawa cyclist struck by car!,"1,379,955","5,540",262,People & Blogs,2017
Dog Saves Deer... Good Boy Storm,"1,591,632","5,595",207,Education,2017
50 Cent: Blood on the Sand Trailer,"2,786,159","3,261",515,Entertainment,2008
Audi used car commercial in China. Full of sex discrimination,"818,670",558,"1,476",People & Blogs,2017
McDonald's drive thru,"726,293","9,536",207,People & Blogs,2016
This ain't my phone...,"2,049,699","1,565",255,Music,2017
Happy Birthday Cody,"734,558","7,194",191,Entertainment,2011
Nuovaluce Beauty Acne Device Kickstarter Video FDA Cleared www.nuovalucebeauty.com,"498,941","4,783",182,People & Blogs,2017
Piccola - Piccola (Official Fan Video),"1,650,882","4,499",189,Music,2017
„Ç¶„Éû„Ç¶„Éû„Éè„É´„Éí,"853,961",627,207,Film & Animation,2008
(THE ORIGINAL FIRST VIDEO) Hidden inappropriate drawing in Maya the Bee!,"661,841","1,657",420,People & Blogs,2017
Parks and Recreation called it back in 2015. Cubs World Series 2016!,"205,257","1,557",113,Travel & Events,2016
Tom Waits - Falling Down,"858,697","1,980",48,Music,2008
Keep Well Keeping Active,"1,883,570",2,3,,2021
How Do I Straighten My Teeth? See An Orthodontist,"30,153,971",387,244,,2017
Corona - #ThisIsLiving,"2,699,904",53,2,People & Blogs,2016
‡πÄ‡∏≠‡πá‡∏ó‡∏ô‡πà‡∏≤ ‡∏õ‡∏£‡∏∞‡∏Å‡∏±‡∏ô‡∏™‡∏∏‡∏Ç‡∏†‡∏≤‡∏û ‡∏û‡∏£‡πâ‡∏≠‡∏°‡∏î‡∏π‡πÅ‡∏•‡∏Ñ‡∏∏‡∏ì‡πÉ‡∏ô‡∏ó‡∏∏‡∏Å‡∏ä‡πà‡∏ß‡∏á‡∏ä‡∏µ‡∏ß‡∏¥‡∏ï,"3,326,126",14,3,,2018
When your Amish town is frozen,"512,991","4,645",135,People & Blogs,2018
„Ç≠„É£„ÉÉ„Éà„Éï„Éº„Éâ„ÄÄLUNA Web CM„ÄÄ15Áßíver.ÔΩú„Éö„ÉÉ„Éà„É©„Ç§„É≥,"1,132,972",19,0,,2019
Jonas Paul Eyewear - Affordably Cool Kids Glasses,"1,410,355",11,1,,2019
"Emma, Le Trefle","12,521,358","14,962",330,People & Blogs,2013
#YoNoTrabajo,"22,829,976","1,426",70,People & Blogs,2018
En 2021 voyagez en camping-car !,"641,248",0,0,,2021
BUDDAY SHUDDAY- ITC Master Chef Frozen Snacks,"8,558,301",24,0,,2019
–ê–í–¢–û_–ü–û–î–°–¢–ê–í–ê –ù–ï –£–î–ê–õ–ê–°–¨,"2,424,328","3,130",267,Autos & Vehicles,2011
„Ç¶„É©„Ç∏„Çß„Éã„ÉÉ„ÇØÔΩûÊò†„Åà„ÅÆË£èÂÅ¥ÔΩû,"661,853",,,,2019
Stasi peeing her pants,"1,950,860",560,281,Comedy,2009
Captain on United flight deals with some politics,"730,494",600,53,News & Politics,2016
Sign Language during our Wedding- 2015,"2,420,783","2,166",82,People & Blogs,2016
Á§æÈï∑„ÄÅ„Ç≥„Éñ„ÉÄ„Ç§È†ºÂ≠ê„Å´kiss!„ÄÄÊ≥¢Â∑¶ÈñìÊµ∑‰∏≠ÂÖ¨Âúí20150119,"2,185,266","1,921",66,People & Blogs,2015
–°–ª—É—á–∏–ª—Å—è –≤–∑—Ä—ã–≤ –Ω–∞ —Å—Ç–∞–Ω—Ü–∏–∏ –º–µ—Ç—Ä–æ –¢–µ—Ö–Ω–æ–ª–æ–≥–∏—á–µ—Å–∫–∏–π –∏–Ω—Å—Ç–∏—Ç—É—Ç,"2,353,696","2,793","4,727",Howto & Style,2017
Premier Mot,"14,025,612",20,3,Comedy,2019
Horizon League Tournament: Oakland vs Youngstown State,"1,379,497",111,75,Comedy,2014
Niemand liebt Autos mehr als willhaben | Spot 2,"10,876,985",49,15,Autos & Vehicles,2019
"COREOGRAFIAS RAUL CHARLO, BAILE MODERNO","2,602,204",720,201,Entertainment,2007
PA PANAMERICANO EL ORIGINAL,"25,349,977","28,213","1,986",Music,2010
Jade Foret et Arnaud Lagardere,"2,592,135",429,"2,007",People & Blogs,2011
Make a cigarette float,"720,739",144,281,Howto & Style,2007
Oasis' Noel Gallagher assaulted on stage in Toronto--2008-09-07,"2,389,276","2,342",255,Music,2008
El Aeromodelismo,"742,498",677,146,Sports,2008
"US Open Surfing - Huntington Beach, CA","4,040,497",860,764,Entertainment,2008
David Cook and David Archuleta Guitar Hero Commercials!,"2,911,092","8,025",495,Entertainment,2008
Pep's - Liberta ( VerSiOn KaraOk√© ),"1,053,812",929,77,Music,2007
The Strokes - New York City Cops (High Quality Live),"6,012,403","14,002",286,Music,2007
I slept with my teacher,"9,844,002","1,998","2,357",Film & Animation,2007
canon,"1,151,211","3,600",303,Music,2006
"Red Hot Chili Peppers "" Californication "" ( LIVE )","1,318,163","4,440",74,Music,2008
Tom Cruise Scientology Video - ( Original UNCUT ),"14,240,339","91,156","18,041",Entertainment,2008
Daredevil Trailer,"1,533,971","1,562",132,Film & Animation,2007
Japonista Legend   Japonista Sole Version,"3,570,199",301,387,Film & Animation,2010
"chien qui chante ""petit papa noel""","7,560,798","4,719","1,735",Pets & Animals,2006
disney world top 10 rides,"757,817",575,141,Entertainment,2009
"Before a Bush Speech, this happens","10,269,774","11,244","3,604",Comedy,2007
"T√∫lio Maravilha, o maior atacante do Brasil nos anos 90, faz de bicicleta o 972¬∫ gol da carreira","1,132,362",536,204,Sports,2011
Buttons-The Pussycat Dolls- A Music Video by Cameron Perrins,"1,370,046","1,661",548,Music,2007
AH-64 in action kabul afganistan part.1,"2,144,229","3,187",629,Autos & Vehicles,2007
OYSHO_SPORT,"32,808,096",12,4,Music,2019
7 Things To Do Before I'm 30- Trailer,"3,675,488","2,497",267,Entertainment,2008
Maradona_Dribble_skill,"5,154,149","4,152",158,Sports,2006
touch n go hercules R/C,"693,502",226,19,Entertainment,2007
MC Chaves Canta Funk do Jeremias (ORIGINAL),"8,846,667","9,158","1,147",Comedy,2007
Flo-Rida - Low routine,"13,329,843","10,448","1,373",Entertainment,2007
Brooke gets a tattoo,"17,642,798","2,103","1,621",People & Blogs,2007
Tenue de Soir√©e Christophe Ma√© Gad Elmaleh,"1,274,697","1,641",102,Music,2007
Eddie Sachs and Dave MacDonald fatal Crash @ Indy 500 1964,"1,193,770",354,37,Sports,2007
Super fast police reaction to a road rage,"2,908,526",,,Autos & Vehicles,2011
Trafalgar Law,"650,699",771,87,Film & Animation,2009
„Éõ„ÉÉ„Ç≠„Éß„ÇØ„Ç∞„Éû„ÄÄËµ§„Å°„ÇÉ„Çì„ÅÆÊÇ≤Âäá,"1,206,374",199,260,Pets & Animals,2009
The greatest goal to be ever waved off,"951,692","1,541",178,Sports,2011
Naruto german opening,"2,082,329","27,628","1,967",Entertainment,2007
Los 25 animales mas raros del mundo AFIRMAN LOS CIENTIFICOS,"1,051,406",516,811,Autos & Vehicles,2009
Fiat 500  vs  Nissan 350z,"2,110,577","1,437",146,Autos & Vehicles,2006
Britney Spears ft. Rihanna-S&M Live at Billboard Awards 2011,"1,475,634","2,487",267,Music,2011
–ö–∞–º–∞–∑ –≤–∏–¥–µ–æ (–°–µ–ª–æ –í—ã—Ä—ã–ø–∞–µ–≤–æ - –ú–æ—Ä–¥–æ–≤–∏—è)‚Ññ4,"1,015,248",236,152,Autos & Vehicles,2012
The Automated Max Cantilever,"1,567,738",11,0,,2018
Girl honks at ship,"12,100,810","69,506","3,924",Autos & Vehicles,2012
–£–ø–∞–ª–æ,"1,198,916","2,351","1,747",People & Blogs,2016
11/2/16 Chicago Cubs World Series Champs! Wrigley / Skyline of Chicago - Celebrate! Party!,"1,045,871","2,549",83,People & Blogs,2016
60 Year Old Kills Hip-Hop Routine!!,"4,352,952","10,647",161,People & Blogs,2015
"Trump: If Ivanka weren‚Äôt my daughter, I'd be dating her","1,528,271","1,557","1,211",Comedy,2015
–°–∞—è–Ω—Å–∫–∏–π –º–µ—Ç–µ–æ—Ä–∏—Ç.,"701,308","2,013","3,013",People & Blogs,2016
EPIC Drum Solo FAIL!,"3,865,978","22,231",900,Comedy,2011
Bertolucci over Maria Schneider,"4,117,228",851,"1,937",Film & Animation,2013
Lil Loaded ft. YG - ‚ÄúGang Unit Remix‚Äù (Official Video),"1,736,200","127,492","1,363",Music,2020
Snapask Singapore | Effective Learning You Can Trust,"601,993",7,1,,2020
Voter Information Card (16x9 - 15 seconds) | Elections Canada,"1,898,564",2,,,2021
Real Gunfighter Lance Thomas on Justic Files,"1,063,456","6,840",0,News & Politics,2009
Home with dada - Time Lapse,"38,509,445","27,675",0,Entertainment,2012
Âê≥ÈùíÂ≥∞ - Ôºà......ÂÇ¨Áú†Â§ßÂ∏´ÔºâÔºàfeat. Ma√Ætrise Saint-Marc - Les ChoristesÔºâ,"729,068","3,681",,Music,2022
ALL-NEW Villain Xtreme Foam Face Wash | Get Your Grooming Game On With Superstar Yash,"20,177,611",118,,,2023
Laissez Toulouse vous inspirer - MEETINGS,"2,396,085",10,,,2020
ÿ£ÿ®ÿ±ÿ≤ ÿ•ŸÜÿ¨ÿßÿ≤ÿßÿ™ solutions ŸÅŸä ÿπÿßŸÖ 2021 #ÿ±ŸàÿßÿØ_ÿßŸÑŸÖÿ≥ÿ™ŸÇÿ®ŸÑ_ÿßŸÑÿ±ŸÇŸÖŸä,"1,934,789",,,,2022
Big Homiie G - Who Got It (Official Video) ft. Finesse2Tymes,"865,867","24,156",,Music,2022
Amazon Fresh - Try the Amazon Dash Cart,"77,123,469",159,,,2021
Het Overheersbeestje (20sec),"7,829,229",25,,,2019
Console Connect: Making life easier for network engineers,"928,250",3,,,2022
–ö”©–∑–º–æ–Ω—à–∞“ì—ã–º (Remix),"852,325","2,558",,Music,2022
Robot tagliaerba autonomo senza filo perimetrale con perimetro virtuale,"3,443,901",0,,,2023
"Daha iyi bir ben i√ßin, bu Form kendim i√ßin!","10,514,303",15,,,2022
Train- Drive by (with lyrics),"14,018,313","32,918",0,Music,2012
Brenda Lee - Rockin' Around The Christmas Tree (Official Music Video),"2,605,084","55,604",,Music,2023
"Raisa, Ahmad Dhani - Biar Menjadi Kenangan (Official Lyric Video)","1,891,769","33,390",,Music,2023
Negramaro - Ricominciamo tutto (Sanremo 2024),"1,095,011","14,122",,Music,2024
Insta Vs Reality üò≤üòç #travel #unrealplaces #explore #nature,"73,165,517","2,967,591",,Travel & Events,2024
"Yes or No (Feat. ÌóàÏú§ÏßÑ of LE SSERAFIM, Crush) (Yes or No (Feat. ÌóàÏú§ÏßÑ of LE SSERAFIM,...","10,642,441","69,340",,Music,2024
SYLVANIAN FAMILIES BABY AMUSEMENT PARK 15 SEC,"7,090,783",4,,,2022
Shaboozey - A Bar Song (Tipsy) [Official Visualizer],"4,941,173","121,986",,Music,2024
PIRTEK | Hydraulikschlauch Reparatur vor Ort | 24 Stunden Service,"865,065",62,,,2016
Eden Mu√±oz - Mi Primer D√≠a Sin Ti (Video Oficial),"3,304,460","40,451",,Music,2025
ƒ∞NTƒ∞HAR,"869,318","9,477",,Music,2024
Into You (ÎÑ§Í∞Ä ÎÇ¥ ÎßàÏùåÏóê ÏûêÎ¶¨ Ïû°ÏïòÎã§ (Into You)),"2,594,431","22,542",,Music,2024
CGX Shampoo 15seg,"32,562,851","1,706",,,2022
"Olly, Angelina Mango, JVLI - Per due come noi (Official Video)","3,822,060","38,443",,Music,2024
Minimum √ßa,"680,629","11,809",,Music,2024
"Asake, Travis Scott - Active (Official Video)","6,232,792","184,120",,Music,2024
GELO - Can You Please (Lyric Video) ft. GloRilla,"1,404,690","70,327",,Music,2025
Los Presidentes,"712,072","8,473",,Music,2024
Luck Ra - UN CLAVO,"1,963,336","24,553",,Music,2025
Addison Rae - High Fashion (Official Video),"2,568,713","124,089",,Music,2025
Ya Fui Negro Ya Fui Blanco,"705,581","10,643",,Music,2025
These Little Moments ü•πü§ç #toddler #siblings #cute,"69,659,013","1,117,902",,Howto & Style,2024
–†–µ–∫—Ç–∞–ª—å–Ω—ã–µ –†–µ–π–Ω–¥–∂–µ—Ä—ã - –ì—Ä—è–∑–Ω–∞—è —Ä–∞–±–æ—Ç–µ–Ω–∫–∞!,"1,058,118","1,790",955,Nonprofits & Activism,2016
The Smokey Life - With Lyrics (Leonard Cohen),"1,701,700","1,514",64,Music,2010
Head & Shouders - Ampollas Hidrataci√≥n intensiva,"1,437,127",5,2,People & Blogs,2014
Out Of The Furnace -- Official Trailer,"1,479,394",301,40,Entertainment,2013
–õ—ñ–∫—É–≤–∞–Ω–Ω—è —Ç—É–±–µ—Ä–∫—É–ª—å–æ–∑—É –≤ –£–∫—Ä–∞—ó–Ω—ñ - –±–µ–∑–∫–æ—à—Ç–æ–≤–Ω–æ —É —Å—ñ–º–µ–π–Ω–æ–≥–æ –ª—ñ–∫–∞—Ä—è. –ü—Ä–∏–∫—ñ–Ω—á–∏–º–æ –µ–ø—ñ–¥–µ–º—ñ—é —Ä–∞–∑–æ–º!,"728,763",133,14,,2018
Pennsylvanians: Help your hospital!,"774,430",0,0,,2020
Leverage: Redemption - Official Trailer | IMDb TV | Coming July 9,"9,056,254","3,856",34,,2021
Luke Hemmings - Starting Line (Official Video),"635,002","129,469",179,Music,2021
The #1 Pharmacist Recommended Brand,"14,234,392",37,24,,2020
Wild Child - Enya,"9,598,411","11,951",0,Entertainment,2006
What goes around (comes around) - Lyrics,"1,347,605","3,001",0,Music,2006
"Spongebob ""The Soldier of Love""","25,610,196","14,378",0,Music,2007
"Be√©le, Myke Towers, Feid - Barranquilla Bajo Cero (Official Video)","8,254,128","198,513",,Music,2022
Ayra Starr - Rush,"17,367,547","272,550",,People & Blogs,2022
Din Cauza Ta,"692,770","5,164",,Music,2022
#BikeIsBest | There has never been a better time to ride a bike,"2,772,378",186,,,2020
Save Water. Save California.,"5,175,299",9,,,2022
"Meet Dr. Shecarra Cook, ACU Online Graduate","2,083,923",11,,,2022
Southeastern Oklahoma State University | Determined to Learn,"1,957,395",2,,,2021
Why Buy Travel Insurance?,"3,583,264",115,,,2017
Regina Power PL,"13,378,102",2,,,2023
JCB Indonesia New Brand Ambassador - Luna Maya | JCB,"1,191,811",,,,2023
Âê≥ÈùíÂ≥∞ - Ôºà‚Ä¶‚Ä¶Â∞èÁéãÂ≠êÔºâÔºàfeat. Â§ßÊ©ã‰∏âÈáçÂî±Ôºâ,"758,113","2,955",,Music,2022
Neutro Balance | Una piel en balance te conecta con lo que amas,"14,265,064",18,,,2022
Get inspired and unleash your creativity in the kitchen |  RiceSelect¬Æ,"1,405,618",7,,,2022
XCOPRI¬Æ (cenobamate tablets) CV Commercial,"4,890,361",48,,,2021
–§–æ—Ä—Ç–µ—Ü—è –ë–∞—Ö–º—É—Ç,"700,921","20,921",,Music,2023
"Chu,Tayousei.","739,527","17,094",,Music,2022
OfficialÈ´≠Áî∑dism - Subtitle [Official Video],"22,449,034","240,778",,Music,2022
Anas feat. Soolking - Sur Pp (Clip officiel),"8,075,765","127,110",,Music,2023
Ocean Spray¬Æ | What Will You Do With All That Power?,"22,454,152",131,,,2022
Mephisto,"832,845","21,237",,Music,2023
Shop Groceries Online with Fast Lane,"769,638",4,,,2021
Slim Chickens 2018 TV Commercial - Variety,"1,727,971",,,,2018
Collect More Verified Customer Ratings and Reviews with Shopper Approved: An Introduction Video,"702,178",13,,,2020
Cƒ±stak x Ne,"903,229","5,919",,Music,2024
Tak Ingin Usai,"814,482","6,594",,Music,2023
Supernova,"27,166,456","123,748",,Music,2024
Destroy Lonely - if looks could kill (Official Music Video),"830,566","58,361",,Music,2023
Arjan Vailly,"5,460,189","64,375",,Music,2023
Take the First Step Towards a Meaningful Career,"1,822,083",33,,,2019
White (ÌôîÏù¥Ìä∏ (White)),"8,226,081","25,232",,Music,2023
Enchanteur Body Lotions & Creams - Irresistibly Silky Soft Skin,"9,658,124",422,,,2023
My Love,"583,139","10,498",,Music,2024
Amapola,"952,452","18,255",,Music,2024
–ú–æ–∂–Ω–æ —è —Å —Ç–æ–±–æ–π,"1,356,781","37,200",,Music,2024
Ship Sticks: Send Your Golf Clubs Ahead,"1,783,373",13,,,2018
Isadora Pompeo - Alian√ßa (Ao Vivo),"1,535,732","30,924",,Music,2024
Trueno - PULL UP! (Official Video),"1,434,999","86,484",,Music,2024
Tengo Un Plan (Remix),"2,381,406","41,572",,Music,2024
"J.P., NLE Choppa - Bad Bitty (Remix) [Official Music Video]","987,265","46,378",,Music,2024
"Kevin AMF, Omar Landell - Blair (Video Oficial)","2,762,811","51,542",,Music,2024
Best Perspectives of @jordikoalitic ‚ò†Ô∏è..,"124,380,183","2,347,710",,Entertainment,2025
Yo Vengo De La Nada,"592,930","13,705",,Music,2024
What happened with petrol ‚õΩÔ∏è theif?,"86,474,636","770,294",,People & Blogs,2025
Nanpa B√°sico - Cuando Vienes (Official Video),"686,747","24,507",,Music,2024
Ëµ∞„ÇåSAKAMOTO / VaundyÔºöMUSIC VIDEO,"2,945,781","25,949",,Music,2025
Whiplash,"26,339,205","125,508",,Music,2024
ETA (RMX),"1,036,672","33,644",,Music,2024
camera shutter speed matches helicopter`s rotor,"3,682,223","53,493",581,People & Blogs,2017
Self-Driving Uber running red light,"1,872,637","5,143","3,969",Autos & Vehicles,2016
Man destroys yellow jacket nest with bare hands ORIGINAL,"1,655,964","9,915",477,Comedy,2017
Reservations.com - Saves You Time & Makes Booking Easy!,"1,122,738",2,2,,2018
Scarlett Johansson for Grandma,"1,635,974","2,457",274,Entertainment,2017
Maintenance of a Double glazed PVC window,"1,706,353",567,76,Education,2012
Cestovn√≠ poji≈°tƒõn√≠ AXA,"545,574",5,8,,2019
Beijing 2008 - Usain Bolt 9.69 sec World Record 100m,"1,864,049",331,"1,416",Sports,2008
–ö–æ–≥–¥–∞ —Ç–≤–æ–π —Ö—É–¥—à–∏–π –≤—Ä–∞–≥ - —ç—Ç–æ –∫–æ–≤–µ—Ä,"2,051,016","18,663","1,807",People & Blogs,2017
Pink - I Don't Believe You Official Music Video Sims 2 HD,"671,291",400,119,Music,2009
Stephen Colbert 2011 Commencement Speech at Northwestern University,"1,142,028","7,520",105,Comedy,2011
Funny bear - Cho kaka o,"556,376",98,59,Entertainment,2007
Mister Dakar Doesn‚Äôt Want To Weigh Himself | Dakar Rally 2019 Ep.1,"646,832",536,48,,2019
Magistral - Consejos para ganar al Poker,"1,529,281",8,10,,2019
BMW Crash BENZ ‡∏Ç‡∏±‡∏ö‡∏£‡∏ñ‡∏£‡∏∞‡∏ß‡∏±‡∏á‡πÜ‡∏ô‡∏∞‡∏Ñ‡∏£‡∏±‡∏ö ‡πÄ‡∏™‡∏µ‡∏¢‡∏î‡∏≤‡∏¢‡∏£‡∏ñ,"766,364",395,31,Autos & Vehicles,2017
ÿ±ŸÇÿµ ŸàÿÆŸÖÿ± ÿ®ÿßÿ≠ÿØÿßÿßÿ≥ÿ∑ÿ≠ ÿßŸÑÿπŸÖÿßŸäÿ± ÿßŸÑŸÖÿ∑ŸÑŸá ÿπŸÑŸâ ÿßŸÑÿ≥ÿßÿ±ŸäŸá ÿßŸÑÿπŸÑŸÖ ÿ®ÿ¨ÿØŸá ÿßÿ¨ÿßŸÜÿ®,"1,348,369",273,695,People & Blogs,2016
"Come, habla y sonr√≠e con confianza | Corega Chile | Adhesivos para pr√≥tesis dentales","2,630,931",8,3,,2020
Survive - Support Small Business - Facebook,"4,440,336",277,53,People & Blogs,2020
It's Time.,"1,748,740",5,10,,2020
Dog loves ticklish fringe,"943,385","8,064",248,People & Blogs,2016
"""Terrified"" performed by Didi Benami, written by Kara DioGuardi and Jason Reeves.","1,275,336","4,344",59,Music,2010
What happens when you surprise your BF with a boxer puppy?,"681,624","3,157",36,People & Blogs,2013
Mano Negra - Mala Vida,"18,428,307","38,890","1,029",Music,2006
Brave Kitten Stands Up to Dog,"45,622,964","98,565","38,062",Entertainment,2011
–ù–∞–ø—É–≥–∞–ª–∏ –±–µ–¥–æ–ª–∞–≥—É,"8,680,501","13,589",690,Comedy,2011
ÊñπÁèàÊÇ†Â¨âÊ∞¥ÁâáÊÆµ.mp4,"45,632,326","4,263","9,843",Entertainment,2010
Caroline - Status Quo,"5,114,818","7,759",171,Music,2006
5 biggest planes in the world,"4,044,462","3,746",929,Entertainment,2009
** FREE PSN / STEAM CODES **. Dropping every 250 subscribers!,"731,822",15,43,Gaming,2017
–û—Ö–æ—Ç–Ω–∏—á–∏–π –∫–æ—Ç,"670,799","5,378","3,901",People & Blogs,2016
HOMEFRONT [Official Trailer],"3,469,160","1,551",30,Entertainment,2013
"Lightning hits the sea - HD - Bay of Kotor, Montenegro","3,690,436","8,840",394,Entertainment,2012
Funny Cats,"57,324,296","143,295","3,809",Pets & Animals,2007
–ñ–∏–ª—å–µ –¥–ª—è –∏–Ω–≤–∞–ª–∏–¥–∞. –£–∂–∞—Å—ã –°—ã–∫—Ç—ã–≤–∫–∞—Ä–∞.,"737,404","1,471",212,People & Blogs,2017
funniest field set ever in Cricket,"6,502,261","2,672",503,Sports,2009
Mariah Carey New Years Eve 2016 2017,"2,766,473","2,015","2,655",People & Blogs,2017
Good old days,"1,249,801","10,317",145,Gaming,2016
Finch Frozen to Fence Rescue,"3,702,696","25,741",152,People & Blogs,2017
"Children Of Bodom - ""In Your Face""","10,945,662","44,450","1,852",Music,2006
Adam Braidwood vs. Tim Hague,"1,884,834",538,"1,047",Sports,2017
Mercedes Benz Atego truck drift in the snow,"1,654,960",723,168,Autos & Vehicles,2007
Racist Woman yelling and demanding to see a white doctor born in Canada.,"1,614,429","6,369","2,096",Comedy,2017
2018 - –õ–î–ü–†,"10,615,380",,,People & Blogs,2017
Parfym.se - Ad Q3-4 2019 - 15sec (B),"2,371,993",7,1,,2019
Male cry jury with an incredible voice,"27,566,202","55,010","1,927",Music,2011
Human Turkish Get Up,"21,193,172","13,643","2,737",Sports,2011
bob marley,"23,465,084","40,072","1,023",Music,2006
Rent A Wheel | Rent A Tire 20th Anniversary Sale,"1,908,813",4,8,,2017
BARCS vet tech comforts crying puppy,"805,865","1,041",32,People & Blogs,2016
–í—ã–±–æ—Ä—ã 2018. –®–æ–∫–∏—Ä—É—é—â–∏–π —Ñ–∏–ª—å–º –ù–∏–∫–∏—Ç—ã –ú–∏—Ö–∞–ª–∫–æ–≤–∞ ¬´–õ–æ–±–æ—Ç–æ–º–∏—è¬ª,"2,056,243","5,762","28,321",Nonprofits & Activism,2017
Duiosa unica bonita,"21,679,223","13,097","1,155",Film & Animation,2008
Juiceee feat. Milena Ceranic - Bikini,"5,790,939","8,173","1,653",Music,2011
Anaconda died because of eating another Snake,"7,540,231","1,033",237,People & Blogs,2015
100 greatest funny videos in the world,"18,742,994","11,645","2,828",Entertainment,2010
Orbit M√©xico - Aeropuerto,"56,145,673","1,845",989,Howto & Style,2016
JESUS CHRIST IN JURASSIC PARK,"1,133,562","2,677",878,Pets & Animals,2011
"Tommy Wiseau in The Room vs. James Franco in The Disaster Artist (""I did not hit her "" scene)","835,947","7,495",232,Film & Animation,2017
Charlie Charlie Challenge Android,"7,594,484","1,473",525,Gaming,2015
Selfie Domino,"7,135,785","7,993","3,168",People & Blogs,2017
–≠–∫—Å—Ç—Ä–µ–º–∞–ª—å–Ω–∞—è —ç–∫—Å–∫—É—Ä—Å–∏—è PNK,"14,316,983","5,944",375,Science & Technology,2017
SDCC 2018 D23EXPO LEAK AVENGERS 4 TEASER TRAILER GUARDIANS AND THOR,"902,113","5,250","16,759",People & Blogs,2017
Dogs Charge Police Officer Meridian Idaho David Gomez,"2,271,314","11,303",261,Nonprofits & Activism,2016
‚ÄûHipis‚Äù - nowa ksiƒÖ≈ºka Paula Coelho ju≈º w ksiƒôgarniach!,"979,231",11,,,2018
"–õ–∏–¥–µ—Ä –≤–µ–∂–ª–∏–≤—ã—Ö —Ñ–µ—Ä–º–µ—Ä–æ–≤ –æ –∫–æ–Ω—Ü–µ—Ä–Ω–µ ""–ü–æ–∫—Ä–æ–≤—Å–∫–∏–π""","815,205","5,214","1,997",People & Blogs,2017
Philippe Poutou - On n'est pas touch√© (clip officiel de campagne √† la pr√©sidentielle 2017),"502,245","3,060",950,Pets & Animals,2017
Blinker fluid prank,"3,472,449","25,739","1,535",People & Blogs,2017
Champions and Challengers - Adventure Time - Pre-register on Google Play Store,"2,986,914",795,174,Gaming,2017
ITS Coop Travel - Traumhafte Ferien (kurz),"1,263,044",2,5,Travel & Events,2017
It Got Grandma!: Chimp at Zoo Throws Poo in Grandma's Face!,"3,975,037","24,800","1,387",Pets & Animals,2017
2017 0401 s10 Toru≈Ñ Bydgoszcz,"1,273,971","3,076",454,Entertainment,2017
Eagles Fan Gets Wrecked by Pole,"706,418",877,40,Film & Animation,2018
UltraTap - –Ω–æ–≤–æ—Å—Ç–∏ –∏–∑ —Å–æ—Ü—Å–µ—Ç–µ–π,"498,038",706,"1,533",People & Blogs,2017
CALIFORNIA - MONDAY JUSTICE FEAT. SNOOP DOGG (Official Music Video),"943,248","2,949",22,Music,2017
John McEnroe's most famous outburst happened in Stockholm in 1984,"4,853,621","7,254",426,Sports,2010
Adi Golan's Group - Teaser,"56,578",,,Music,2014
Keg tapping goes horribly wrong.,"751,804","3,427",313,Entertainment,2017
LIVE Hurricane Irma - Downtown Orlando - American Safety Council,"554,438",184,8,News & Politics,2016
