rank,Video,Video views,Likes,Dislikes,Category,published
1,"20 Tennis shots if they were not filmed, NOBODY would believe them","3,471,237","19,023",859,,2017
2,Lil Nas X - Old Town Road (Official Movie) ft. Billy Ray Cyrus,"54,071,677","3,497,955","78,799",Music,2019
3,JoJo Siwa - Karma (Official Video),"34,206,747","293,563",,Music,2024
4,Wiz Khalifa - See You Again ft. Charlie Puth [Official Video] Furious 7 Soundtrack,"6,643,904,918","44,861,602",,Music,2015
5,伊賀の天然水強炭酸水「家族で、シュワシェア。」篇　15秒,"236,085,971",38,,,2021
6,JP Saxe - If the World Was Ending (Official Video) ft. Julia Michaels,"76,834,495","804,353","21,195",Music,2019
7,David Kushner - Daylight (Official Music Video),"18,558,390","680,732",,Music,2023
8,Power Star Pawan Kalyan Special Surprise To Sensational Singer Baby|Filmy Poster,"96,686","1,007",82,Entertainment,2018
9,Kulit Kamu Kulit Kering dan Sensitif? Pakai Aveeno Skin Relief Lotion!,"9,605,969",6,,,2023
10,Totti with a funny penalty,"8,353,318","5,613","1,082",Sports,2007
11,Babilala ที่ทั้งแม่และลูกชื่นชอบนั้นคืออะไร?,"8,718,326",46,,,2021
12,"Polo G, Stunna 4 Vegas & NLE Choppa feat. Mike WiLL Made-It - Go Stupid (Official Video)","7,396,199","320,910","6,485",Music,2020
13,Every Moment With You (너와의 모든 지금),"7,958,181","54,903",,Music,2024
14,Not a mechanical baby,"14,612,153","3,339",156,Entertainment,2011
15,"Yovie Widianto, Lyodra, Tiara Andini, Ziva Magnolya - Menyesal","13,894,905","452,087",,Music,2023
16,pevecov popek poje na sexy back,"37,460,296","4,533","10,949",Comedy,2007
17,"Luck Ra, Nicki Nicole - DOCTOR","8,286,096","149,421",,Music,2024
18,Jay Wheeler - Te La Dedico / For You (Official Video),"13,764,098","111,497",,Music,2023
19,"Colapesce, Dimartino - Musica leggerissima (Official Video - Sanremo 2021)","6,953,838","116,350","2,059",Music,2021
20,Grandma Dottie's Prom Dress Surprise,"8,414,676","2,442",103,People & Blogs,2012
21,Rels B - LA LATINA (Videoclip Oficial),"5,851,411","155,543","3,504",Music,2019
22,Together We Can Make a Difference,"10,627,797",21,6,,2019
23,Get back on your feet with our top rated lawyers,"98,468,536","5,492",,,2022
24,Jim Carrey THE FUNNIEST video,"8,322,488","6,216","11,521",Comedy,2007
25,TEST γιανα δεις αν έχεις καλά ματιά,"699,382","8,436","1,756",People & Blogs,2017
26,【急募】中途採用エントリー募集中　ビジョン・コンサルティング,"11,638,201",98,,,2022
27,"Kevin AMF, Tiagz - Maradona (Tatara) (Video Oficial)","5,756,535","111,266",,Music,2024
28,MILLION DOLLAR BABY,"11,894,076","226,375",,Music,2024
29,03 - 03 - 2015 AimBot,"5,923,017",62,307,Gaming,2015
30,"6ix9ine - FEFE ft. Nicki Minaj, Murda Beatz","1,097,393,695","9,038,575",,People & Blogs,2018
31,Cat mom hugs baby kitten,"59,857,489","347,772","8,212",Pets & Animals,2011
32,"Biggest Snake of the World for Sale, 25 000 €","55,113,253","3,957","46,705",Entertainment,2008
33,IdentityIQ Best-Rated Credit Report Monitoring,"16,676,560",29,,,2022
34,kwn - worst behaviour (Official Video) ft. Kehlani,"4,386,564","159,903",,Music,2025
35,Polo G - Flex (Official Audio) ft. Juice WRLD,"3,845,186","122,706","1,305",Music,2020
36,Hanumankind - Run It Up ( Prod. By Kalmi ) | (Official Music Video),"28,181,241","1,772,692",,Music,2025
37,basic instinct,"6,484,622","1,102",271,Entertainment,2006
38,CUPRA Leon e-HYBRID,"3,873,121",4,0,,2021
39,The JAWS OF DEATH AROUND ME my story,"15,694,317","2,156","16,530",Pets & Animals,2007
40,Remember Me (기억해줘요 내 모든 날과 그때를),"5,272,487","20,088",,Music,2024
41,"Pedro Capó, Farruko - Calma (Remix - Official Video)","2,993,030,499","13,840,531",,Music,2018
42,Dog meets baby kitten,"5,856,946","2,705",83,People & Blogs,2014
43,KINEGRAM - Making identity documents secure,"12,643,841",14,,,2022
44,JD Pantoja - 12•19 (Official Video),"7,010,732","1,027,392","34,185",Music,2020
45,Suzuki Hayabusa with Turbo Vmax 390kmh,"20,146,924","11,010","1,095",Autos & Vehicles,2006
46,Libianca - People (Visualiser) ft. Becky G,"5,353,676","113,198",,Music,2023
47,Roger Federer / Bill Gates vs John Isner / Mike McCready - Match for Africa 4 Highlights,"514,694","2,742",69,Sports,2017
48,Encuentra POP Queso Cheddar.,"21,786,732","7,102",,,2023
49,Rhapsody of Sadness,"3,409,906","18,968",,Music,2023
50,Aydem Enerji - Hayat için enerji,"3,102,751",8,0,,2020
51,Starcraft 2 Gameplay footage and unit preview,"7,529,927","6,075",772,Entertainment,2007
52,Maradonna Gods Hand,"3,777,997","2,300",854,Sports,2007
53,"Smartpress - Premium Print for Designers, Agencies and Brands","2,985,300",1,0,,2020
54,Jay Wheeler - Xexo (Official Video),"5,038,848","93,112",,Music,2023
55,"GabyMusic,AnuelAA,LuarLa,Lunay,Bryant Myers - No Te Quieren Conmigo(Remix)","5,461,432","159,823",,Music,2024
56,"Sir Nicholas Winton - BBC Programme ""That's Life"" aired in 1988","39,407,674","97,009",747,Education,2009
57,Why athletes should wear pants,"17,802,747","2,935","46,151",Sports,2008
58,Kurdish KANGAL vs.American Pitbull Terrier Dog Fight 2008,"8,066,421","1,267","5,689",Pets & Animals,2008
59,"Acompaña a Carlos Andres Acosta, mientras nos muestra la nueva Kia Sportage 2023","8,690,900",10,,,2022
60,Если мент....,"10,748,286","7,504","4,116",Music,2010
61,Wedding first dance w/ surprise Jack Johnson Michael Jackson,"16,485,606","15,813","1,360",Comedy,2007
62,Polo G - Be Something (Official Audio) ft. Lil Baby,"2,692,740","99,982","2,393",Music,2020
63,Bureau Vallée - papeterie et Fournitures de bureau,"21,596,623",7,3,Film & Animation,2019
64,Static & Ben El - Bella,"3,305,681","10,461",626,Music,2021
65,Police take advantage of a Drunk Girl,"36,311,875","24,016","4,340",News & Politics,2008
66,Big nipples,"13,591,249","1,951","1,628",Comedy,2006
67,2020新生活CP「始まりの日」15秒,"9,857,163",13,0,,2020
68,Вкладчикам Югры в Центробанке не рады,"204,782","5,352",63,News & Politics,2017
69,Sporto by Macho | The First Gaze,"52,049,705","1,307",,,2021
70,PUN - DAY ONE,"4,669,546","95,387",,Music,2024
71,7 dia,"2,943,159","33,263",,Music,2025
72,We asked you... What do you Chooze ?,"1,018,713","2,413",12,Autos & Vehicles,2017
73,Best Heavyweight Knockouts of All Time,"5,250,458","5,891",509,Sports,2007
74,Dog reacts to return of Nathan after two year Mormon mission,"6,040,429","5,972",194,Pets & Animals,2015
75,Orangutan loves baby bump,"5,989,058","4,282",282,Music,2016
76,Dog scared by fart,"5,938,416","3,883",129,Comedy,2015
77,НЕ ПОВЕЗЛО - UNLUCKY,"14,921,437","3,604","1,225",Comedy,2009
78,"Visitenkarten, Flyer oder Banner schon ab unter 10€.","4,929,481",3,2,People & Blogs,2017
79,we were in love (2024) (... 사랑했잖아... (2024)),"3,630,534","22,217",,Music,2024
80,David Beckham crazy pass (cross),"17,275,250","32,362",752,Sports,2008
81,LAVIE LOVE LIST | 2019,"10,188,590",9,0,Howto & Style,2019
82,Tra Tra Tra,"2,663,550",734,212,Comedy,2007
83,The ultimate seduction: Funny & bizarre slideshow,"81,744,457",,,Comedy,2008
84,Girl In Car Flashes Her Bra & Then Crashes Into A Truck!,"9,884,005","7,891","2,334",People & Blogs,2009
85,Girl blown by a plane,"12,255,456","7,725",745,Travel & Events,2012
86,La nevedere,"2,960,493","22,343",,Music,2022
87,Why Lands' End Business,"8,393,245",2,,,2021
88,KATSEYE - Touch (ft. YEONJUN of TOMORROW X TOGETHER),"2,279,833","168,798",,Music,2024
89,Lucio Corsi - Volevo essere un duro (Sanremo 2025),"6,016,657","137,088",,Music,2025
90,Storm (Storm),"2,113,438","12,274",,Music,2025
91,Barack Obama Hillary Clinton - Umbrella,"148,996,976","36,190","20,698",Comedy,2008
92,Nice Fight - Cops vs Drug Dealer,"17,166,129","12,980","3,713",Entertainment,2008
93,Uğur Volkan Uysal | Wix.com ile Kendi Sitenizi Kurun,"6,587,447",32,101,People & Blogs,2018
94,"[플로우] #오일수스킨 #숨방울스킨  15""","6,354,771",44,38,,2018
95,Olivia Rodrigo - drivers license (Official Video),"68,224,979","3,810,456","48,539",Music,2021
96,ALYPH - SWIPE (ft. Dato Seri Vida) Official Music Video,"4,645,815","93,750",,Music,2022
97,Unleash Your Urban Style,"4,485,529",2,,,2023
98,Meineke Financing- 15 Second Commercial,"32,387,918","4,071",,,2020
99,"Asake, Central Cee - Wave (Official Video)","10,779,032","287,616",,Music,2024
100,JoJo Siwa - Guilty Pleasure (Official Music Video),"3,870,451","39,264",,Music,2024
101,Chica Atractiva,"2,638,356","33,875",,Music,2025
102,[Dandadan] Creepy Nuts - オトノケ(Otonoke) (Official Music Video),"13,933,735","441,696",,Music,2024
103,Jedna fotografija dnevno u najgoroj godini života / One photo a day in the worst year of my life,"61,892,792","32,649","4,045",People & Blogs,2013
104,"Grilling Tip, How to Make a Non Stick Surface Part 1","4,702,870",786,51,Howto & Style,2014
105,Brock Lesnar serves breakfast in ESPN cafeteria prank | ESPN Archives,"2,472,045","28,842","1,204",Sports,2017
106,Top 20. Soundtracks Of All Times!,"3,590,248","2,836","2,542",Music,2007
107,Kobe dunks over Shaq in practice (funny),"12,649,333","4,492","1,247",Sports,2006
108,Танк Армата,"3,954,302","4,636","1,033",,2015
109,CRASH-405,"2,714,140",376,"1,665",Comedy,2006
110,"Paragard® - 'Your Hormones, Not Ours'","24,340,652",,,,2022
111,All aisles lead to savings. Every day!,"22,029,100",5,,,2023
112,Massimo Pericolo - Moneylove (Visual Video) ft. Emis Killa,"3,824,053","36,936",,Music,2023
113,Kodak Black - Hit Stick,"2,032,486","87,384",,Music,2024
114,German Shepherd scared of Stuffed Toy Tiger. Very Funny! (ORIGINAL VIDEO & VERSION)),"5,352,751","6,997",171,People & Blogs,2015
115,Tenacious D - Explosivo,"2,754,518","10,186",204,Entertainment,2006
116,Aydem Enerji - Hayat için enerji,"2,003,221",5,1,,2020
117,HSMFanNisa Exclusive:High School Musical 2 Song(s)With Lyric,"7,352,624","2,538",256,Music,2007
118,Fo fo fo fo fristajlo!,"2,894,700","6,108",152,Comedy,2007
119,LILHUDDY - America's Sweetheart (Official Music Video),"3,086,667","346,074","12,082",Music,2021
120,Sofia Castro - Bien Por Ti (Official Video),"3,416,695","204,468",,Music,2022
121,Sensodent-K | Most random bahana to avoid cold drink | Tooth Mein Current,"4,385,102",52,,,2023
122,Sunway College - Pathway To A Brighter Future,"3,829,095",,,,2019
123,"Eladio Carrión - Quizás, Tal Vez (Live Session) | Vevo ctrl","4,196,300","56,077",,Music,2023
124,Eden Muñoz - ¿CÓMO TE FUE SIN MÍ?,"1,847,580","32,324",,Music,2024
125,Emeron Lovely Naturals Sakura,"16,040,649",41,,,2020
126,"ROSALÍA, J Balvin - Con Altura (Official Video) ft. El Guincho","2,224,022,798","9,802,981",,Music,2019
127,How NOT to Load a New Ford F-350 Truck on a Trailer,"3,415,700",942,303,People & Blogs,2015
128,baby playing in mother's womb !!!!!,"5,806,522","2,810",101,Entertainment,2010
129,Cats Welcoming Home Soldiers (parody video),"2,126,930","1,984",259,Comedy,2014
130,Hello Osko by BPAY :: 15,"3,763,894",,,,2018
131,Coconut crab attacks bird,"2,691,332",785,225,People & Blogs,2017
132,Gta sa Kamehameha,"2,420,719",,,Entertainment,2008
133,Swimming,"25,671,563","2,240","2,419",People & Blogs,2007
134,Ice Spice - in ha mood (Official Video),"3,725,161","160,883",,Music,2023
135,„So wie wir Wontis es auch tun.“ - Laura & Jörg Wontorra rufen zum Licht-Recycling auf.💡♻️,"2,596,725",1,,,2023
136,"Jay Wheeler, Dei V, Hades66 - Pacto (Official Video) ft. Luar La L","20,502,045","180,683",,Music,2023
137,How to fix a small dent,"23,778,413","5,399",419,Education,2010
138,Хоккей в фуре - вызов принят!,"1,556,347","2,726","1,433",Sports,2017
139,44 Magnum Las Vegas,"2,345,415","7,883",259,People & Blogs,2010
140,Miss Carolina - se le salio!,"37,787,055","3,476","10,810",Comedy,2009
141,Two guys cause trouble on Ryanair,"2,451,202",697,441,People & Blogs,2016
142,Hot Bikini Waxing Girls!,"1,888,388",398,106,People & Blogs,2006
143,Bucket Bear better quality,"4,399,693","2,977",117,Pets & Animals,2014
144,c`e solo l inter... a farci ridere,"2,136,208","3,379","1,966",Sports,2007
145,Remember the 80's ?,"3,293,594","1,481",89,Comedy,2006
146,Το ποιο απίστευτο βίντεο που έχετε δει ποτέ!!! The most INCREDIBLE VIDEO EVER !!! WWW.BYTHEWAY.GR,"3,360,262","2,084","3,489",Sports,2008
147,Funny Foul Shot Blooper,"2,540,079","3,507",93,Sports,2011
148,video 1450041175 mp4,"2,368,587",732,90,People & Blogs,2015
149,너라는 별,"4,406,467","18,295",,Music,2024
150,Sunway College - Pathway To A Brighter Future #2,"3,391,881",16,,,2019
151,Kim Petras & Nicki Minaj - Alone (Official Music Video),"12,935,167","279,649",,Music,2023
152,Work Hard. Stay Humble. Wear Dixxon.,"50,822,036",101,,,2022
153,High School Musical 3 - Can I Have This Dance *OFFICIAL MUSIC VIDEO w/lyrics (HQ),"25,576,382","23,880","1,691",Music,2008
154,Elephant Auto Insurance-  Multi Car U.S. Discount,"6,189,110",9,11,,2018
155,Zebra Drowning a Lion,"30,475,518","19,766","2,398",Autos & Vehicles,2009
156,Garth Brooks - The Dance - Kick Cancer's ASS!,"3,751,723","2,513",90,Entertainment,2014
157,Wyzywająca Doda,"2,195,081",712,507,Entertainment,2006
158,Кредит наличными 15 sec,"21,492,932",16,96,News & Politics,2017
159,We Treat Minor and Major Medical Issues,"13,257,401",27,15,,2019
160,Smartest Police Dog Ever!,"3,818,260","2,410",29,People & Blogs,2009
161,MIXPIX -- Mi-Arte.es,"1,699,588",2,1,,2019
162,Der neue CUPRA Ateca – Create your own Path,"2,866,109",,,,2019
163,Grandma falls into crib,"5,198,725","3,233",640,People & Blogs,2016
164,"""Drake"" on the Tube...","2,683,856","7,414",457,Comedy,2012
165,Tundra vs Silverado,"2,600,480",738,672,Autos & Vehicles,2007
166,Capitoline venus,"2,181,160",63,119,Travel & Events,2007
167,Cat and Dog (a love story),"2,194,640","1,626",276,Pets & Animals,2007
168,Blümchen (Blossom) - Herz an Herz,"2,257,460","3,800",199,Music,2006
169,"Ghetto Kids, Kenia OS, Malo - Toketeo (Video Oficial)","1,677,733","211,037","7,579",Music,2021
170,"FabLab Glitter Tattoos, Hairlights and Nail Art kits! Be Creative, Be You, Be FabLab! ✨","10,500,073",23,,,2021
171,Ricchi E Poveri - Ma non tutta la vita (Official Video) | Sanremo 2024,"6,849,596","59,198",,Music,2024
172,"Alex Ponce, BLANKO - La Sin Sentimientos (Official Video)","2,443,713","88,475",,Music,2024
173,"Olly, Juli - Balorda nostalgia (Official Video - Sanremo 2025)","27,215,183","161,626",,Music,2025
174,"ROA, De La Rose, Luar La L, Yan Block, Omar Courtz - ETA RMX","9,140,994","179,818",,Music,2024
175,Affet,"1,422,342","4,331",,Music,2025
176,Bunny Girl,"2,126,674","81,236",,Music,2024
177,perfekte welle,"2,337,888","4,430",174,,2005
178,Rooftop Driving Experience,"1,645,377",14,3,,2019
179,Silent Monks Singing Halleluia,"21,061,223","50,817","1,336",Comedy,2008
180,ABBA Dancing Queen 1976,"20,688,870","22,826",851,Music,2006
181,Horse attacks alligator! Payne's prairie 4/12/17,"2,173,396","2,235",200,People & Blogs,2017
182,two fake umps.MOV,"1,338,441","3,712",135,Sports,2010
183,Safe Sleep for Baby,"3,400,850",181,156,Education,2011
184,westerland,"5,289,591","8,542",269,,2006
185,WTC in a perfect world,"3,476,635","5,982","2,129",Film & Animation,2007
186,The megalodon-World's Biggest Shark,"13,893,527","8,744","5,157",Entertainment,2007
187,Groom forgets rings prank,"2,760,303","1,730",212,Entertainment,2016
188,Natalie Jane - AVA (Lyric Video),"1,592,225","59,621",,Music,2022
189,"Berani Lawan Harpic Mom? Pakai Harpic 10x Lebih Bersih, Segampang itu!","14,399,348",562,,,2023
190,KUSUKA Keripik Singkong - Greatest Time,"21,865,902",16,,,2023
191,SweeTARTS | Be both | Wedding,"83,720,474",114,,,2021
192,اختَر صح. شوف الفرق مع ريجين,"7,927,774",1,,,2023
193,"Si, Si Eres Tu","10,363,316","337,066",,Music,2023
194,7liwa - Rwicha (Official Music Video),"1,662,974","45,556",,Music,2024
195,Teresa & Maria,"11,757,639","160,328",,Music,2024
196,紫 今 - 魔性の女A　Lyric Video,"1,581,463","61,186",,Music,2024
197,Barbie-Girl,"22,225,399","10,788","3,217",Film & Animation,2006
198,ProtoType gameplay,"3,128,367","4,724",605,Entertainment,2008
199,Weird People and Animals,"11,474,129","2,458","4,833",Comedy,2008
200,Lola and Annie - Road Trip Karaoke,"7,095,244","4,677",200,Comedy,2017
201,DIESEL LOUIE,"1,605,558","1,035",52,Autos & Vehicles,2007
202,4 year old little girl feeding and controlling six #pitbulls / Girl Controls Future Dog Trainer,"6,691,213","3,008",342,People & Blogs,2015
203,Big Fish - trailer,"2,126,010","3,046",119,Entertainment,2006
204,over 500 strokes per minute,"2,285,448","1,104","5,442",Howto & Style,2007
205,Titanic - The Drawing Scene,"1,765,315",444,"1,079",Comedy,2006
206,"morodo, la yerba del rey","5,337,381","5,237",263,News & Politics,2007
207,Mulatto - No Hook (Official Video),"2,138,136","123,687","1,793",Music,2020
208,Devils Fingers or Octopus Fungus Clathrus archeri December 2014,"6,705,396",791,42,Autos & Vehicles,2014
209,"Gerald Daugherty Campaign: ""Please Re-Elect Gerald...Please!""","3,923,892","6,783",103,People & Blogs,2016
210,Smart German Shepherd:  Twitch Letting Sophie Out of Her Kennel,"9,071,139","6,457",432,Pets & Animals,2012
211,Help your local hospital workers in the fight against COVID-19,"1,895,774",0,0,,2020
212,Morray - Trenches (Official Music Video),"1,352,140","58,129","1,051",Music,2021
213,Beéle - Si Te Interesa (Official Video),"1,450,005","94,228","1,067",Music,2021
214,NURO Biz「安定性」篇 15秒,"6,459,787",4,,,2022
215,CHAINSAW BLOOD / Vaundy：MUSIC VIDEO,"5,767,744","98,070",,Music,2022
216,Your Wyndham Is Waiting :30,"12,559,128",,,,2023
217,LINDOR Made to Melt You,"72,815,244",108,,,2021
218,"Yovie Widianto, Ziva Magnolya - Menanti (Official Music Video)","3,264,026","58,596",,Music,2023
219,‎Good Night Good Dream (좋은 밤 좋은 꿈),"1,776,477","9,118",,Music,2024
220,Addison Rae - Aquamarine (Official Video),"2,641,333","135,303",,Music,2024
221,Corazón Partido,"1,494,141","17,261",,Music,2025
222,supercars accidents !!!!!!!,"2,021,817",694,230,Autos & Vehicles,2007
223,Bieżnie inSPORTline - Na każdą pogodę!,"16,093,134",30,27,People & Blogs,2017
224,Aitch - Safe To Say,"1,330,363","84,759","1,749",Music,2020
225,ShemarooMe - BOLLYWOOD | GUJARATI | DEVOTION | PUNJABI | KIDS,"1,226,138",1,0,People & Blogs,2019
226,BREAK IT OFF ► SEAN PAUL & RIHANNA,"35,610,827",,,Travel & Events,2007
227,If you watch this 100 times you'll still laugh !,"45,597,951","97,649","27,835",Comedy,2008
228,"Korea, the best dancer ever!!!","24,082,631","36,946","13,769",Entertainment,2007
229,End Of Watch Trailer,"3,212,936","1,083",76,Film & Animation,2012
230,Rally driver's killer reflexes,"7,261,710","15,509",685,Sports,2011
231,Crazy Turtle,"12,093,713","6,766","1,337",Entertainment,2007
232,"Top Ten most Awesome Boat , Crashes, Collisions, Sinkings and Amazings Sights at Sea","3,062,448","1,642",273,Education,2009
233,テレビCM 「くらしをシアワセにする、ぜんぶ。」15秒,"4,827,088",9,2,,2020
234,The Rockettes 'Be My Baby' video,"6,636,077","1,284",41,Music,2013
235,Vegamálun GÍH,"3,012,775","1,632",162,People & Blogs,2017
236,Traditional Malaysian blowpipe maker shows how he takes down his prey in the wild,"3,510,345","32,449",248,Film & Animation,2017
237,Doug Fernandez gives up,"2,002,491","19,461",185,People & Blogs,2017
238,Мир не без добрых людей    Забыв про свадьбу,"2,068,532",839,45,Music,2017
239,Napoleon. Always in for a thrill. NL,"4,245,390",2,3,,2019
240,Buffet,"2,751,775","5,401",342,Comedy,2016
241,Customer Fail!,"4,525,935","8,052","2,288",People & Blogs,2016
242,Blue Angels Fly By,"7,980,199","11,170",417,Comedy,2015
243,Tyla Yaweh - I Think I Luv Her (Lyric Video) ft. YG,"2,124,429","19,110","1,256",Music,2019
244,Convert JPG to PDF with Convert-JPG-to-PDF.net,"1,275,912",373,116,,2012
245,"Dare to live without limits, FibreGuard Stain Resistant Fabric","1,370,100",7,0,,2018
246,video picante del jaripeo,"4,148,013",442,846,Entertainment,2009
247,Carle and Health Alliance – Redefining healthcare around you,"1,320,929",8,2,,2019
248,University of Arizona v.s. UCLA Streaker Dressed as Referee 2011 ENTIRE VIDEO (ORIGINAL),"2,601,392","3,467",580,Entertainment,2011
249,Breast Flexing,"4,119,405","1,819",215,Entertainment,2007
250,DOBLAJES DX EL CHAVO CHAPULIN COLORADO,"1,886,651",421,"1,040",Comedy,2007
251,How to Change a Nipple Piercing,"11,658,971",596,"7,432",Howto & Style,2011
252,"Crocodile attacks couple  in Zimbabwe , Kariba 2016 Insta @stueysink88","4,422,005",879,338,Pets & Animals,2016
253,Lil Kee - What You Sayin ft. Lil Baby,"2,716,318","83,058",,Music,2022
254,"Buat kamu yang #BeraniExtra, Cobain Susu UHT Greenfields yang #ExtraTasty!","91,527,894",61,,,2022
255,How to Save Water Around the Yard,"10,671,714",19,,,2022
256,Årets beste griller - Prisguiden griller grillekspertene,"2,531,881",15,,,2018
257,NERDS Gummy Clusters | Roll Bounce,"12,348,407",19,,,2023
258,Helping small businesses find a way,"1,949,456",0,,,2021
259,ALFA - Vai! (Official Video - Sanremo 2024),"5,192,650","49,065",,Music,2024
260,Trueno - REAL GANGSTA LOVE (Visualizer),"3,079,234","109,936",,Music,2024
261,Isadora Pompeo - Ovelhinha (Ao Vivo),"2,934,585","66,830",,Music,2024
262,"Sabe que os mlk é drake, não é bigode não","1,415,045","18,770",,Music,2024
263,ROSONES,"1,143,334","27,036",,Music,2024
264,Ready? Ready.,"1,486,824","4,805",143,People & Blogs,2016
265,Privacy in a brand-named hotel,"22,529,178","6,601","2,414",People & Blogs,2014
266,Ocean Mist Cut Down,"6,815,505",38,14,,2019
267,Reckless Driver Videos Himself Speeding On Facebook Live Before Accident,"3,653,602","3,162","4,296",Travel & Events,2016
268,"Empleados de BANAMEX dándose de arrimones en Angelópolis, Puebla","3,649,044",192,"4,753",News & Politics,2010
269,誰でも簡単、無料で公開！ホームページ作成ならWix.com,"22,504,802",165,88,Howto & Style,2016
270,Old man is having fun under metallica,"2,566,313","25,274",399,Entertainment,2017
271,Experimento Asiento Incómodo,"2,516,672","1,285",868,People & Blogs,2017
272,Rollercoaster bezichtiging in Ermelo,"4,851,071","3,934",141,People & Blogs,2014
273,Сидит себе такой стареющий Серёжа... (Тарута мультик),"1,020,604","1,123",9,People & Blogs,2017
274,Daddy yankee Llamada De Emergencia oficcial video,"3,393,600","1,210",126,Music,2008
275,American Terrorist Christopher Cantwell balls his eyes out,"1,283,550","1,966","5,740",People & Blogs,2017
276,Chinese boy breaks elevator with his pee pee,"2,171,435",990,102,People & Blogs,2018
277,Superman Disguise,"1,388,327","6,100",97,People & Blogs,2010
278,Touch at Your Own Risk,"2,637,024","3,931",222,People & Blogs,2017
279,Bio-Oil Love your marks,"22,620,709",34,12,Howto & Style,2019
280,"Lisa Simpson calls Donald Trump Presidency, Increased Debt","5,099,101","6,432",350,Comedy,2011
281,Accident in ski lift Gudauri Georgia,"1,070,767",694,184,People & Blogs,2018
282,atlantis waterslide lol,"1,421,652",475,38,Entertainment,2007
283,New 15 ' SunSense Sunscreen - Expert Care for the Sun Aware 30' Ad 2019/20 Summer,"1,207,217",2,1,,2019
284,SHP SHPT1013 Brand Pre Roll Triplets 30   Unslated MP4,"1,394,372",,,,2019
285,Lionel Messi VS Real Madrid The Fight,"1,851,681",705,"1,163",Sports,2009
286,HELLS ANGELS BEAT & STAB BANDIDOS BIKER GANG,"2,659,150",375,150,News & Politics,2007
287,Backyardigans,"1,232,789",216,120,Entertainment,2010
288,Court room beating,"3,569,473","2,312",131,People & Blogs,2006
289,BACILOS LA CARA DE LA LUNA,"2,142,731","2,971",89,Music,2008
290,The best gymnastics of the world 1,"1,998,858","1,783",292,Sports,2007
291,Cars: Mater-National ps3,"1,459,766",105,54,Entertainment,2008
292,Stuck Tractor,"13,021,062",,,Autos & Vehicles,2007
293,"Hippo Charge on Chobe River Jan2015, recorded with iPhone 6; Botswana, Awesome but crazy dangerous.","9,735,098","14,563",773,People & Blogs,2015
294,Kid at Minecon 2016 asks what we all wish we could answer,"1,669,272","23,510",502,People & Blogs,2016
295,Bruce Lee VS japanese school,"22,075,523","25,688",0,Film & Animation,2007
296,"Brest terres océanes, le bout du monde à portée de main !","1,310,703",93,,,2020
297,Sauti Sol - Lil Mama (Official Audio),"1,642,529","27,426",,Music,2022
298,Amarah Bagaikan Korek Api,"15,504,921",90,,,2022
299,#WhatMakesUsOne - by The Times of India - (60sec),"34,955,901",20,,,2023
300,Destroy Lonely - Look Killa (Short Film) (Short Film),"1,194,149","89,811",,Music,2023
301,"Chencho Corleone, Peso Pluma - HUMO (Official Video)","8,915,202","199,564",,Music,2024
302,Tiryakinim,"8,170,818","45,890",,Music,2024
303,don't leave me (거짓말처럼),"1,787,169","13,937",,Music,2024
304,"Rema, Shallipopi - BENIN BOYS","3,795,164","112,684",,Music,2024
305,Luck Ra - ROBAME UN BESO (Official Video),"1,891,707","41,102",,Music,2024
306,JENNIE - ZEN (RUBY ALBUM MARCH 7),"30,170,014","1,932,403",,Music,2025
307,"Nanpa Básico, Kris R. - Cariñitos Y Flores (Official Video)","4,208,059","63,605",,Music,2025
308,UWAIE,"8,114,376","122,955",,Music,2024
309,Trueno - REAL GANGSTA LOVE (Official Video),"15,985,735","263,086",,Music,2024
310,Eden Muñoz - todo me vale madre,"1,144,941","30,525",,Music,2024
311,Helping small businesses find a way,"1,688,453",2,,,2021
312,Tinius Olsen in Education,"9,605,323",5,,,2021
313,"Тісто ""Левада"". Ну і замєс! 20 сек.","4,782,416",17,,,2021
314,DIE 4 YOU,"5,766,751","65,566",,Music,2023
315,Ice Spice & Nicki Minaj - Princess Diana (Official Music Video),"45,990,411","1,128,880",,Music,2023
316,Hitana,"1,614,632","9,651",,Music,2023
317,Cracker Barrel Cheese: The Big Night (:15s),"17,485,016",10,,,2023
318,ARIETE - MARE DI GUAI (Official Video - Sanremo 2023),"1,130,141","17,689",,Music,2023
319,Say My Name,"1,845,505","18,095",,Music,2023
320,人事部が選ぶベストバイ（30秒） ｜健康管理システム Carely（ケアリィ）,"3,952,851",7,,,2022
321,Kids Tiffin,"17,363,846",4,,,2023
322,"Jhay Cortez, J. Balvin, Bad Bunny - No Me Conoce (Remix)","2,399,769,757","6,684,120",,Music,2019
323,A Needed Response,"11,622,727","39,804","1,872",,2013
324,How to surprise a horse,"1,625,194","7,357",352,Comedy,2016
325,Service station attempted robbery,"346,486",433,8,People & Blogs,2016
326,Lepší.TV - Nová dimenze sledování televize On-line,"3,997,769",7,1,,2021
327,Best of Both Worlds,"14,813,633","11,336","1,289",Entertainment,2006
328,SHOCKING!! Tumor of 186 Pounds! - Man Pleads For Help.,"45,105,963","3,902","6,244",People & Blogs,2011
329,Нападение байкеров на машину! (с неожиданным концом!),"15,766,889","15,639","2,200",People & Blogs,2014
330,Color changing Lightning McQueen,"7,005,951",803,907,Gaming,2010
331,Funny baby girl faces,"13,524,975","10,164","1,532",People & Blogs,2007
332,When You play dodgeball with a Softball player. licensing@rumble.com,"2,134,991","12,128",299,Comedy,2017
333,Bird learns how life works,"4,916,042","74,420",703,Gaming,2015
334,экстремальный взлет в Бодайбо.mp4,"1,891,710","3,389",109,Autos & Vehicles,2012
335,Election Day (16x9 - 15 seconds) | Elections Canada,"3,036,451",1,,,2021
336,HOW TO GET IT - HYPNOTIQ FT. LIL WAYNE (PRODUCED BY SOUNDMASTER T),"3,040,398","8,936",17,Music,2016
337,Noble Official Trailer,"2,110,253",146,6,,2015
338,How to spend a sick day,"4,292,471","1,650",29,People & Blogs,2014
339,Ikan Besar Terdampar di pantai anakotao/Hulung Des,"8,191,516","1,978",357,People & Blogs,2017
340,внезапно,"962,437","2,280",257,People & Blogs,2017
341,Супер герои сервиса Nissan — Тайро,"1,921,703","2,947","1,776",People & Blogs,2017
342,Clumsy Dog,"3,432,791","24,140",254,Gaming,2017
343,BuitenHof Tuinmeubelen | Weten dat het goed zit,"1,804,589",0,1,,2019
344,Proposal In Disney World With A Surprise Ending,"3,379,064","3,034",149,Entertainment,2012
345,Управлять бизнесом удобно и просто! Пакет услуг “Легкий старт” от Сбербанк для малого бизнеса.,"8,162,969",29,7,Nonprofits & Activism,2018
346,Im sorry?,"3,670,491","30,180",171,People & Blogs,2017
347,The Metigy Command Centre promo,"1,040,965",27,22,,2018
348,porch hands,"788,325","1,899",82,Film & Animation,2016
349,"Fripozo | Alrededor de una mesa se comparten un montón de cosas…y sin ella, también.","2,067,244",38,26,Howto & Style,2018
350,Deep Eddy Vodka: Set the Stage,"4,000,769",2,0,Entertainment,2018
351,"ILLENIUM, Jon Bellion - Good Things Fall Apart","10,358,663","169,009","3,138",,2019
352,SHP SHPT1005 Medicare Pre Roll Stanley 30   Unslated MP4,"1,281,721",0,0,,2019
353,"ILLENIUM, Jon Bellion - Good Things Fall Apart (Lyric Video)","3,474,334","108,128","1,292",Music,2019
354,URBAN LIFESTYLE - Iconix Energy Youtube Commercial,"1,698,423",7,4,Sports,2019
355,A Breech In The System - trailer,"48,637,746","3,343","2,670",People & Blogs,2010
356,Woman harassed and hit by a man in the streets of Paris [Eng/Fr],"7,022,746","1,638",760,People & Blogs,2018
357,WII,"1,634,684","8,333",338,Entertainment,2006
358,MUSTANG DRAG CAR @ WSID=1,"1,428,328",427,247,Autos & Vehicles,2007
359,"faire grossir sa poitrine, ses seins how to make big tits boobs","2,271,592","2,923",215,Film & Animation,2011
360,Best Robot Dance Ever - Icmeler 2010,"2,576,129",950,"4,503",Entertainment,2010
361,Seleccion Argentina 2010 Waving Flag,"1,190,356","2,026",65,Sports,2009
362,Luciana Vendramini no Fórmula Única,"2,900,719",365,171,Entertainment,2006
363,Hövding krocktest,"2,394,252","1,734",87,Science & Technology,2010
364,SHARK ATTACK - Don't touch the glass !!,"2,058,082","7,435","1,067",People & Blogs,2014
365,The Most Loving Cat In The World,"3,411,990","4,751",74,People & Blogs,2015
366,Parks and Rec Come back joke,"2,482,309","20,964",224,Comedy,2012
367,AIELLO - ORA (Official Video - Sanremo 2021),"1,132,390","23,083",887,Music,2021
368,新時代 (ウタ from ONE PIECE FILM RED),"4,321,634","156,105",,Music,2022
369,Doechii - Anxiety (Visualizer),"40,116,402","1,032,825",,Music,2025
370,😭,"101,094,612","3,259,676",,Entertainment,2025
371,JENNIE & Dominic Fike - Love Hangover (Official Video),"31,499,047","1,719,118",,Music,2025
372,Rocket Blast Off #messingaround #flying #fun #brothers #playing #hangtime,"156,690,686","1,868,300",,Sports,2024
373,EVLİ MUTLU CISTAK,"1,024,855","5,714",,Music,2024
374,Are You Sharp Enough? with Darrelle Revis | PointsBet Sportsbook,"1,072,369",3,1,,2019
375,Mila Kunis Tells Off A Reporter In Fluent Russian,"3,324,459","23,701",834,Entertainment,2012
376,Golpes de padel,"982,730",382,40,,2007
377,Cociná a leña con Bosca,"1,140,657",4,0,Entertainment,2019
378,Crayola lets kids go free to Sea Life,"1,041,896",7,3,Education,2019
379,Boomerang,"3,050,764","3,939",290,Comedy,2005
380,Prehistoric shark captured on film,"12,466,431","11,517",769,Pets & Animals,2007
381,Kale's nail biting video 1,"1,123,520",253,735,People & Blogs,2017
382,Beijing Airpocalypse Arrival,"1,237,586","1,923",438,People & Blogs,2017
383,I can feel it down in my plums....,"1,576,942","4,498",153,Comedy,2009
384,台北數位廣告帶您掌握社群行銷,"3,875,011",31,34,,2014
385,Dance Precisions   Scream   Shout,"1,731,322",963,206,Music,2014
386,Жизнь пластиковой бутылки,"2,061,290","2,432",387,People & Blogs,2017
387,Man shot on camera by the police - Police brutality,"17,056,400","8,834","4,604",Entertainment,2011
388,Elephant lucky from the jaws of crocodile,"2,730,336","1,187",169,People & Blogs,2017
389,Best Western Sverige - 30 s - Med erbjudande,"1,009,282",7,1,,2021
390,EyePet Trailer,"1,227,844","1,019",79,,2008
391,Mr Bean imitator 3 voor amusement - boekt u bij www.jbproductions.nl,"8,411,133","1,194","1,216",Entertainment,2007
392,Flying nut high five,"7,852,043","62,744",748,People & Blogs,2014
393,Ae Dil Hai Mushkil Cover Unwind -- Tabitha Chettupally,"5,081,915","5,011",118,People & Blogs,2017
394,YouTube配信広告「社員登場編」,"4,592,080",58,31,Autos & Vehicles,2015
395,Carlsberg stunts with bikers in cinema,"22,426,928","50,810",806,Entertainment,2011
396,Panchlait - Teaser 2 | Prem Modi | Funtime Entertainment,"885,706","5,835",217,Film & Animation,2017
397,tommy wiseau can't understand millennials,"3,320,857","28,326",198,Comedy,2017
398,Maximus by Kerbedanz - the biggest known tourbillon for wristwatch,"1,263,651","10,376",126,People & Blogs,2017
399,kitchen makeover fail,"3,975,191","1,514","2,231",People & Blogs,2012
400,FIA WEC 2018 Spa Francorchamps Crash #17 BR Engineering BR1-AER Eau Rouge,"1,586,550","1,739",75,Gaming,2018
401,Explosion galaxy note7 in the burger king korea,"3,957,239","4,330","2,350",People & Blogs,2016
402,Phoenix - Lisztomania - Boston University Brat Pack Mashup,"3,824,693","15,236",858,,2010
403,Carlos Alberto 1970 wondergoal,"1,512,563","1,552",118,Sports,2006
404,"Polident Super Sigillante - Spot TV 15""","3,502,797",2,0,,2021
405,Marea que se joda el viento,"1,574,564","1,540",66,Music,2006
406,GTA San Andreas Car Mods,"1,407,396",975,134,Entertainment,2007
407,The Red Solstice 2:Survivors - Price of failure,"7,812,856",197,10,Gaming,2019
408,"Just Eat - Mød LêLê, Grillen Burgerbar, Kebabish & Perbacco","9,619,541",8,16,Entertainment,2018
409,Subaru Get More G's Ad 1,"9,149,607","4,290",515,Autos & Vehicles,2010
410,DBGT ssj4 Gogeta vs Omega Shenron,"1,135,406",605,55,Film & Animation,2008
411,2018 new jazz club songs - Bossa NIGHT -(dance remix),"2,379,886",,,Music,2011
412,VTEC SOUND,"1,439,814","2,379",110,Autos & Vehicles,2006
413,James Showing His Ben 10 Omintrix Watch Toy,"3,351,812",,,People & Blogs,2007
414,Comedian Hits on Hecklers Girlfriend,"5,260,834","6,870","1,032",Comedy,2007
415,Primer Caño a Ronaldinho,"1,736,901","1,861",306,Sports,2007
416,"Ronaldinho,C.Ronaldo,Kaka","4,970,841","3,199",257,Sports,2010
417,REAL LIFE TRANSFORMER,"1,818,326","1,989",284,People & Blogs,2007
418,FloRida - Right Round (VinylRockerz Remix),"3,334,348","3,889",471,Music,2009
419,Disney songs (2),"2,141,164","1,164",74,Film & Animation,2007
420,Alicia Keys How to Save A Life (the Fray Cover) Radio One Live Lounge,"974,519","1,532",803,Music,2009
421,"Margot loves Brown Bear, Brown Bear. Baby laughing","3,320,366","1,239",28,People & Blogs,2014
422,Strange creature freaks out plantation workers in Sarawak,"9,700,006","2,478","2,027",News & Politics,2015
423,Polar bear petting dog,"8,058,364","24,707","1,821",Entertainment,2016
424,Light Rain,"3,488,820","2,995",60,Entertainment,2009
425,JD Pantoja - 12•19 (Trailer),"2,144,710","317,352","8,155",Music,2020
426,"MS Inside Out: My name is Sean, and this is my story.","1,417,655",,,,2018
427,Funny commercials-21,"3,285,284",702,0,Comedy,2010
428,Aslay feat. Harmonize - Follow Me (Official Music Video),"1,397,658","44,137",,Music,2022
429,PRAN Peanut Bar | স্মার্ট কিছু খাও,"5,615,545",7,,,2023
430,Coma_Cose - L'ADDIO (Official Video - Sanremo 2023),"3,672,887","41,513",,Music,2023
431,Oxlade - KU LO SA (Official Video),"6,005,457","134,873",,Music,2022
432,Classy 101,"11,170,714","157,703",,Music,2023
433,Carrabba's Italian Roots,"34,772,211",24,,,2021
434,"Jay Wheeler, Anuel AA, Hades66 - Pacto (Remix) (Official Video) ft. Bryant Myers, Dei V","16,651,507","517,095",,Music,2023
435,"Gazo, Tiakola - NOTRE DAME (Visualizer)","1,551,825","27,064",,Music,2023
436,Eladio Carrión - Cuevita (Live Session) | Vevo ctrl,"2,246,356","26,765",,Music,2023
437,【RENOSY（リノシー）】確度の高い不動産投資_15秒,"15,489,613",19,,,2023
438,Можно я с тобой (can i come with you),"2,218,610","92,278",,Music,2024
439,Laf 2.0,"1,068,698","11,495",,Music,2024
440,İhtimallerde Yoksan,"2,028,211","10,812",,Music,2024
441,UWAIE,"6,903,203","45,620",,Music,2025
442,"Papa V, Nerissima Serpe, Fritu -⁠ Wop Wop feat. Shiva (Audio)","914,168","14,506",,Music,2025
443,Me And The Devil (SLOWED + ECO),"1,593,787","18,204",,Music,2025
444,그래서 그대는,"1,830,212","7,770",,Music,2024
445,Bi Polar (SAYGI1),"885,313","12,792",,Music,2024
446,Ysrael Barajas - GPI 2 (Video Oficial),"983,919","20,719",,Music,2024
447,Sobran Motivos,"1,574,149","13,731",,Music,2024
448,RickRoll'D,"78,178,105","318,037","44,953",Music,2007
449,My dad flew into town to surprise his parents.,"888,893","8,190",113,People & Blogs,2016
450,Fat Bike caught on an Electric Fence!,"3,580,228","13,803",406,People & Blogs,2017
451,Girl falls off stage while getting proposed to at dallas music festival ORIGINAL (part 1),"322,489",887,239,People & Blogs,2017
452,Cantona VS Supporter,"3,694,102","5,186",465,Sports,2011
453,パンツだけなのは正常です,"5,498,422",561,234,Howto & Style,2008
454,Real Exorcism of Anneliese Michel,"38,507,859",,,People & Blogs,2007
455,婚前試愛 2010年12月23日 電影廣告,"48,695,613","2,444","2,753",Film & Animation,2010
456,Toys.ee - BABY born® nukk,"18,423,437","2,431","1,853",Entertainment,2008
457,"Rihanna ""Cry""","32,695,896","47,735","1,456",Music,2007
458,Funny Football,"37,544,668","37,127","2,904",Comedy,2006
459,Ministry of Silly Walks,"9,558,072","39,783","1,251",Comedy,2006
460,burp helium (so funny),"12,552,948","81,470","2,073",People & Blogs,2014
461,the fast and the furious music,"4,043,321","1,617",581,Music,2009
462,Driving on Water,"1,208,750",392,15,Autos & Vehicles,2007
463,Kelly Clarkson - Stronger (lyrics + deutsche Übersetzung),"2,264,728","4,545",126,Music,2012
464,John Cena - My Time Is Now,"38,332,239","52,593","5,494",Music,2007
465,Ken Lee or Without you by Mariah Carey (ENGLISH SUBTITLES),"18,308,842","28,127","1,491",Entertainment,2008
466,BallsCrash,"280,745,872","64,224","21,652",Comedy,2009
467,Sister Act 2 - Oh Happy Day,"37,730,464","87,538","1,589",Music,2006
468,Of Monsters And Men - Love Love Love,"3,474,904","16,311",170,Music,2010
469,Early Voting Options 2 (16x9 - 30 seconds) | Elections Canada,"2,358,658",0,,,2021
470,Red Suit || Official HD Video || Latest Punjabi Songs || RK Ramme,"1,080,296","2,237",61,Music,2017
471,Die Württembergische - Passt-sich-an-Prinzip Umzug,"1,867,469",4,1,,2019
472,Discover the way banking should be - Regional (10 sec),"1,743,437",0,0,,2016
473,"Балаклея, Харьков, момент детонации","1,941,205","4,907",197,People & Blogs,2017
474,Opening a 9-year old Easter egg,"2,807,049","3,455","1,006",People & Blogs,2017
475,Knight and Day - Trailer 3,"1,530,779","1,098",66,Entertainment,2010
476,THE #TWOFINGERSOFWILDNESS EVENT,"1,320,219",,,People & Blogs,2015
477,Loch Ness Monster Sighting 7th May 2017 About 9am,"1,894,110",447,985,Travel & Events,2017
478,Najlepszego Polsko!,"1,465,545",85,44,,2018
479,ITS ALL IN THERE REMIX,"2,081,718","3,024",52,Music,2017
480,"Denver morning news show tries Carolina Reaper #OneChipChallenge, goes badly","896,464",,,Comedy,2017
481,David Nalbandian angrily kicks Linesman in Queens Final [17/6/12] - BBC One (ORIGINAL VIDEO),"4,758,192","2,286",991,Entertainment,2012
482,I was in a wedding and smashed my face,"1,596,447","6,001",176,People & Blogs,2017
483,Fox News idiocy.,"1,227,176","5,383",457,News & Politics,2017
484,Bike Race Free - Racing Game - Lots of NEW CONTENT,"26,882,229","3,145","1,435",Gaming,2016
485,9-30-2017 Marilyn Manson Hammerstein Ballroom prop/stage collapse,"1,315,977",799,221,People & Blogs,2017
486,"This is a dollar, not a card","1,144,211","6,389",132,People & Blogs,2017
487,Fedez - Prima di ogni cosa (Official Video),"4,833,788","202,477","7,131",Music,2018
488,Meet Will,"3,121,597","40,432",313,Comedy,2018
489,Mad Mike Hughes (RUFF) blasts off 03-24-18,"1,083,036",,,Science & Technology,2018
490,Zebet - Comment avoir la cote ? Avec le DOUBLE BONUS !,"1,903,815",0,1,,2019
491,Antibiyotik Mevsimi Geldi!,"14,941,185",3,2,,2019
492,Earn & Redeem PAYBACK Points on Shopping – Big Bazaar,"20,096,070",47,11,,2020
493,Accidente en lineas  de alta tension,"809,389",161,30,Education,2008
494,Insano - The biggest waterslide of the world - Brazil - Ceará - Fortaleza,"2,429,774",743,218,Comedy,2009
495,Air Crashes & Accidents,"4,668,120",562,"1,486",Autos & Vehicles,2009
496,Dashcam BMW crash,"5,666,551","14,735","1,208",People & Blogs,2016
497,Lamborghini Reventon vs. Tornado,"9,550,473","8,190",873,Autos & Vehicles,2008
498,Carnival Magic Cruise ship nearly runs over jet skiers,"1,701,340","2,062",328,Nonprofits & Activism,2017
499,Audi RS6 5.0 V10 TFSI Beschleunigung 0-351km/h www.kubatech.de,"4,546,880","2,408",272,Autos & Vehicles,2009
500,Subway® | Richtig lecker. Richtig günstig. | TV Spot,"10,537,317",33,17,Entertainment,2020
501,8 Rules of Fight Club Trailer,"1,352,408","2,752",97,Entertainment,2006
502,The Muppets Electrical Nose Warmer,"944,461","1,267",41,Comedy,2007
503,Kid singing Britney Spears scared to death by his mom,"11,940,134","39,480","2,324",Comedy,2007
504,Waving Flag - Cancion del Mundial Sudafrica 2010 - K'naan y David Bisbal.flv,"1,694,185","2,000",46,Sports,2010
505,Kingdom Hearts: Birth By Sleep (PSP) trailer [High Quality],"4,245,757","14,725",346,Entertainment,2007
506,King Kuduro - Il faut danser,"4,816,624","3,361",181,Music,2009
507,GTA San Andreas Tuning Mod,"1,532,108",647,91,Gaming,2009
508,魚を生かしていたら、まさかの惨事！！,"2,306,190",106,300,Sports,2009
509,pool trickshots in the news,"1,216,090",694,84,Sports,2007
510,UFO-Doctor Doctor,"1,142,679","4,305",55,Music,2008
511,Bull Moose Charges Truck,"3,775,980","5,080","6,017",Pets & Animals,2009
512,Vai ser Burra assim la longe,"3,458,731","1,897",381,Comedy,2008
513,My Diablo 3 Inferno Tactic,"2,362,860","22,368",787,Gaming,2012
514,Selena Gomez Come And Get It Live Performance SINGING LIKE AN ANGEL !,"5,943,702","7,132","2,859",Music,2009
515,Simona Halep Q Match1_2 Paris Indoors 2009,"5,529,798","2,561",132,Sports,2009
516,Glentoran 1-0 Portadown BURROWS GOAL,"5,400,744",,,Sports,2010
517,singing hippopotamus,"6,380,182","3,440",399,Comedy,2005
518,"Marcela Gandara ""Antes de Ti""","1,803,120",572,41,Music,2006
519,Derrick Barry (Britney Spears) - America's Got Talent,"5,370,442","12,906",757,Entertainment,2008
520,10/21 苗栗中正盃－萬能科大球員攻擊中央大學球員,"635,395",137,763,People & Blogs,2016
521,Cleveland and Chicago Unite to Defeat Trump - TrumpTraders.org,"1,155,708",21,62,News & Politics,2016
522,2016 MAMA 王大陸 大平台,"1,735,464","2,708","4,760",People & Blogs,2016
523,Rabbit Vs Snake.  Momma Rabbit save babies - Original Video,"24,914,138","21,753","1,239",Pets & Animals,2015
524,Yakult One And Only - English,"34,686,085",391,179,Travel & Events,2017
525,Heaven - DJ Sammy Remix,"11,370,933","21,100",0,Music,2006
526,Club 4 Paws Selection — Любов завжди вчасно,"8,058,118",210,,,2022
527,Prohibidox,"7,149,556","109,633",,Music,2022
528,Seen,"1,212,699","8,362",,Music,2023
529,Aslay - Inauma (Official Music Video),"1,606,569","34,829",,Music,2023
530,"OnPoint Community Credit Union | ""Community"" Commercial","3,798,286",22,,,2020
531,Tiryakinim,"6,332,540","64,248",,Music,2024
532,"Gazo, Tiakola - CARTIER (Visualizer)","1,366,275","34,494",,Music,2023
533,Bıraktığın Gibi Burdayım,"1,291,926","10,366",,Music,2024
534,¿Nudo por estrés?,"58,296,785",19,,,2022
535,Isadora Pompeo - Tetelestai (Ao Vivo) ft. Carol Tauber,"1,205,733","34,861",,Music,2024
536,Bıraktığın Gibi Burdayım,"1,889,571","13,340",,Music,2024
537,Trueno - RAIN III (Visualizer),"2,157,197","129,977",,Music,2024
538,Eden Muñoz - Traigo Saldo y Ganas de Rogar,"1,077,182","18,109",,Music,2024
539,A kind-hearted elderly person rescued an injured peacock.#animals #wildliferescue #rescueefforts,"146,925,966","1,616,667",,People & Blogs,2025
540,Drawing the pillar of life🥶🗿#trollface #trollfaceedit #troll,"133,062,446","3,173,002",,People & Blogs,2025
541,El General Panter B,"749,036","6,820",,Music,2025
542,JENNIE - like JENNIE (Official Video),"60,535,069","2,515,187",,Music,2025
543,Ysrael Barajas - Plática Con Cupido (Cover Audio),"2,139,232","29,151",,Music,2025
544,PUN - BF (feat. URBOYTJ),"1,588,998","39,090",,Music,2024
545,"SEVDALIZA - ALIBI | Live From Vevo Studios ft. PABLLO VITTAR, YSEULT","5,368,532","223,418",,Music,2024
546,Squid Game - Round and Round Mingle (Marimba Ringtone),"4,822,670","74,581",,Music,2024
547,¡Que Te Pasa!,"1,668,686","24,060",,Music,2024
548,JADE - Angel Of My Dreams (Official Video),"5,396,154","214,969",,Music,2024
549,your pet’s perfect moment 🤭 #petportrait #funnypets #perlover #petpainting #fyp #petparent #petart,"117,001,584","860,277",,People & Blogs,2025
550,Ben Kalbimin Orta Yerine Seni Yazdım,"765,423","4,561",,Music,2024
551,Rauw Alejandro - Touching The Sky (Official Video),"3,139,901","109,406",,Music,2024
552,Чай LOVARE. Відчуй красу!,"9,822,893",42,,,2021
553,The HVAC Whisperers,"2,441,730",5,4,,2019
554,Unlikely couple: Liaison between a Sika deer and a Japanese snow monkey,"3,126,743","1,009",474,Pets & Animals,2017
555,Jeopardy: What is a threesome?,"2,838,751","7,651",126,Comedy,2011
556,【15 分鐘貸閃到手】大新交稅「快應錢」,"2,375,682",15,4,,2019
557,"Spinal Tap - ""These go to eleven....""","1,880,022","10,651",160,Comedy,2011
558,"Assault on Most Reverend Manuel A. Cruz, Auxiliary Bishop of the Archdiocese of Newark","1,301,276","1,317",530,Film & Animation,2017
559,Älg i vak,"2,104,408","8,941",147,Pets & Animals,2017
560,LA CINTURA MAS DELGADA DEL MUNDO,"54,003,557","15,233","10,100",Entertainment,2007
561,David Hasselhoff - Hooked on a Feeling,"13,848,813","42,810","4,411",Music,2006
562,Wooden spoon trick - Sleifaratriðið,"5,644,916","10,964",416,Entertainment,2010
563,QURAN,"437,840",30,218,People & Blogs,2017
564,"Familiada - Imię męskie na literę O. (Oliwier, Oliwia)","969,271","4,668",204,People & Blogs,2017
565,Elephant Multi Car Discount,"3,102,746",0,2,,2019
566,Ryan Gosling - Epic Old Dancing Videos 1992,"1,694,235","6,734",210,People & Blogs,2015
567,Ronaldinho truco increíble 2011,"21,752,141","7,507","1,779",Sports,2011
568,Ovechkin fight vs Columbus,"908,626","4,112",376,Entertainment,2017
569,Spider-man - Double Track - Fan Film [2007],"30,976,762","9,263","4,457",Film & Animation,2007
570,Mr.President- Coco jumbo,"8,029,186","13,431",522,People & Blogs,2007
571,Metallica-Fade To Black,"35,496,234","88,736","2,442",Music,2006
572,Phun Car,"7,045,249","1,006","1,151",Science & Technology,2009
573,Super platano brothers,"1,595,388","14,720",344,Comedy,2017
574,Red Dawn Trailer,"3,964,762","1,323",222,Entertainment,2012
575,My Name Is - Eminem (Backwards Message),"3,541,035","5,004",575,Music,2006
576,津波　TSUNAMI - Earthquake (3/11)　20110411,"6,683,001","2,295",345,Comedy,2011
577,Teijin Aramid | Be sure with aramids in automotive,"2,783,994",3,0,Science & Technology,2020
578,The last thing my Nest cam saw...,"1,103,324","2,863","3,111",Comedy,2017
579,Националисты на митинге 12 июня. Расследование Je Suis Maidan,"1,220,251","1,393","2,469",People & Blogs,2017
580,2017 04 12 Przejscie,"1,098,005","7,520",422,People & Blogs,2017
581,ALDO LE CHEF COCHON KARAOKE,"4,875,239","2,746",652,,2011
582,"KAMILLA - Нет любви (Премьера клипа, 2017)","1,260,133","3,393","1,468",People & Blogs,2017
583,Announcing Fyre Festival,"3,293,365","1,563","12,051",People & Blogs,2017
584,水族館大魚突然死亡 Sudden death of a fish in Okinawa aquarium,"1,194,632","1,207",738,People & Blogs,2013
585,Jean-Claude Juncker drunk and bitch slaps leaders,"2,668,268","5,378",576,People & Blogs,2015
586,Maddie Waiting for the Beat to Drop,"9,868,674","68,446","2,692",People & Blogs,2017
587,"Radość w prezencie, czyli CEWE FOTOKSIĄŻKA Majewskich","3,006,030",8,1,,2018
588,Black bear charge(attack) fire river ontario spring 2017,"5,002,420","7,240","1,243",People & Blogs,2017
589,"Silverado 500,000 mile celebration","836,184","11,538",283,People & Blogs,2017
590,Android Lost intro,"1,552,477",321,93,People & Blogs,2015
591,Chroma Key test,"7,527,125","41,698","1,547",Entertainment,2010
592,Grandpa Break Dancing Battle,"1,274,520","1,207",78,People & Blogs,2014
593,Это шок..вот так русские актеры подрабатывают в ночную смену..,"769,783",715,"10,522",People & Blogs,2017
594,New Champ Kayn/Rhaast Leak for LOL (Moobeat credit me you derro),"847,249","1,857",173,People & Blogs,2017
595,Революция на Дворцовом :)),"711,353","1,222","3,832",Entertainment,2017
596,John Michael Montgomery-Letters From Home,"1,998,307","2,600",595,,2009
597,Fedez - PRIMA DI OGNI COSA (Teaser),"885,149","29,689","2,992",Music,2018
598,You can't even text and walk,"1,154,376","10,616",496,People & Blogs,2017
599,#Despacito with snoring - Despacito con ronquidos,"2,812,994","18,051",762,People & Blogs,2017
600,Coconut tree fall on woman 'Kanchan Rajatnath',"1,568,903",489,200,People & Blogs,2017
601,Plan Novo - Brackets,"3,640,958",4,0,,2019
602,Artifact new game announcement from Valve crowd reaction,"1,301,165","17,084","1,900",Music,2017
603,Innovate the Industry by Burrow,"2,298,709",13,4,,2018
604,Brian Ambrosini - AMC Gremlin - Wheelie Competition - Winner!,"15,505,994","5,350",280,Autos & Vehicles,2006
605,El Connecto,"3,583,270","41,735",485,People & Blogs,2018
606,Dennis Lloyd - Never Go Back (Official Video),"720,437","26,772",274,Music,2019
607,Gönder Gelsin!,"5,634,653","1,268",191,,2021
608,"Begun, the Duck War has","3,586,169","51,443",300,Entertainment,2017
609,Party Boy Corey Worthington and his Famous Sunglasses,"896,419","7,060",152,News & Politics,2008
610,聯邦銀行2018品牌形象廣告-相信‧希望 (60秒完整版),"5,842,728",299,76,People & Blogs,2018
611,Cat doesn't like Trump,"1,200,385","4,548",198,People & Blogs,2016
612,"בפנטן טיפות עיניים, עכשיו באריזת בקבוק חדשה! לשיפור הלחות ולהקלה וטיפול בעיניים יבשות","1,606,955",2,0,,2019
613,Jessie J 'Domino' [HIT SINGLE] Official Lyric Video + Single Cover (Full Song),"14,378,553","29,600",779,,2011
614,Bassem Rashidi - Rabbi Salli | Send Blessings ( باسم رشيدي - ( ربي صَلِّ,"1,047,281","1,172",5,Music,2016
615,Bjergsen Mom Appear in bikini during stream,"2,166,792","2,993",174,Gaming,2016
616,V'OLGA - ЛОВИЛА,"1,136,235","2,735",756,People & Blogs,2017
617,Amtrak F40PH and Amfleet Cars Video 1,"1,212,253",128,60,Autos & Vehicles,2007
618,expo mouland,"1,060,048",276,73,Autos & Vehicles,2008
619,Poligrip Max Seal - The Big Game,"3,714,231",5,7,People & Blogs,2018
620,Motorcycle Accident,"2,581,137",977,812,Autos & Vehicles,2009
621,Red Remover Walkthrough 21-45 on PAR,"10,288,090","2,194",643,Gaming,2009
622,David Tavaré - Hot Summer Night (Oh la la la),"1,337,402","1,893",74,Music,2008
623,Me prende!! megusta sentir tu cuerpo!!,"861,153",305,57,Music,2011
624,Amazing Japanese Fake Pool,"44,730,824","68,934","3,827",People & Blogs,2007
625,How To Train Your Dragon 2 and Cartoon Series Information [Read Description],"1,597,739",,,Entertainment,2011
626,Bob Sapp vs. Kimo UFC-K1 fight,"1,223,675","1,022",148,Sports,2008
627,СТОП ХАМ. водила Х 5 бурит по полной,"2,595,029","4,452",570,Autos & Vehicles,2011
628,4 year old section Juan and Edgar,"1,006,860",680,615,Entertainment,2006
629,Dj Akman KLibi www.xwebtasarim.com,"1,069,153",341,32,Music,2006
630,KAJOL IN YEH DIL LAGI,"73,698,562","6,092","4,683",Entertainment,2009
631,"Oda a ""The britains got talent"" (subtitulado).","2,125,187","2,542",180,People & Blogs,2012
632,Gta san andreas Drift 2,"1,613,818",929,692,Entertainment,2007
633,train stuck in snow,"1,463,580",834,96,News & Politics,2010
634,Sims 2 - Everyday,"877,651",592,76,Film & Animation,2007
635,Lee Sin's great escape [Fixed!],"1,610,253","9,278",152,Gaming,2012
636,The Black Dahlia movie trailer,"820,548",996,56,Entertainment,2006
637,mike mo 12 yrs old,"899,520","2,384",189,Sports,2008
638,"Gregory lemarchal, sos d'un terrien en detresse","1,538,856","1,263",37,Music,2006
639,Ford Mustang Launch (street),"1,001,605","2,214",27,Autos & Vehicles,2008
640,ANAHI (rebelde) bailando LAS DIVINAS (remix),"9,347,451","2,426","1,565",Entertainment,2009
641,Billie Jean (Live),"1,240,220","3,198",67,Entertainment,2006
642,"Fedezd fel! 3D séta áruházunkban | mömax, trendben otthon","1,128,947",0,0,,2019
643,Птиц засасывает вместе с зерном на хлебозаводе,"3,120,409","21,206","2,663",People & Blogs,2016
644,paulista,"940,489",471,"1,155",People & Blogs,2016
645,The Big Fat Quiz Of The 90s   Mr Blobby,"951,835","7,347",121,People & Blogs,2014
646,"Fasma, GG - Parlami (Official Video - Sanremo 2021)","757,718","25,704",243,Music,2021
647,Naruto - Konoha's Hokage,"1,054,505","1,137",0,Entertainment,2008
648,"Dacă n-ai bani (feat. Beach, Please!)","1,015,509","9,689",,Music,2022
649,Chema Rivas - LA ROJA (CANCIÓN MUNDIAL) (Video Oficial),"726,826","39,271",,Music,2022
650,Elizabeth Banks Introduces The Snake Rewards Program,"1,019,641",39,,,2022
651,"X-MEN FOR BOSS LEGEND – HƯƠNG GIÓ BIỂN THANH MÁT, KHỬ MÙI & KHÔ THOÁNG","19,956,533",25,,,2022
652,"Senseo, votre délicieux café certifié* Rainforest Alliance !","3,023,958",0,,,2023
653,WOO! BoomBoom Nasal Inhalers on Shark Tank [Recap],"16,762,388","6,093",,,2019
654,"GloRilla, Cardi B - Tomorrow 2 (Official Music Video)","31,909,765","638,566",,Music,2022
655,No_se_ve.mp3,"3,085,869","45,677",,Music,2023
656,First American Home Warranty Commercial,"3,137,485",83,,,2020
657,"UMI, V - wherever u r (ft. V of BTS) official lyric video","4,273,176","521,085",,Music,2023
658,ORIGAMI ALL'ALBA - CLARA,"2,030,824","26,233",,Music,2023
659,Gazo - 100K (Visualizer),"1,167,599","32,821",,Music,2023
660,"Пельмені ""Левада"". Повний фарш. 20 сек.","3,355,479",36,,,2021
661,"Млинці ""Левада"". На поготові! 20 сек.","3,464,450",16,,,2021
662,Get your biggest tax refund guaranteed. Always free federal and $14.99 state filing.,"13,870,467",31,,,2021
663,2BACONIL | INDIA'S 1ST NICOTINE TRANSDERMAL PATCH TO QUIT SMOKING | SMART WAY TO QUIT SMOKING,"5,092,957",115,,,2017
664,Darell - Lollipop (Official Video),"47,154,379","381,348",,Music,2023
665,"Libresse® Pads - Padanan Selesa, Serapan Sempurna","33,353,387",14,,,2022
666,Sofia Castro - Te Juro No Te Miento (Official Video),"2,581,581","135,813",,Music,2024
667,"Luck Ra, Tiago PZK - FUE CULPA TUYA","2,700,431","50,507",,Music,2025
668,Please save the baby😭,"76,133,774","2,746,942",,People & Blogs,2025
669,FUNNIEST EXPLODING BASKETBALL MOMENTS 🏀💥,"67,630,800","1,901,288",,People & Blogs,2025
670,Passo Bem Solto (Ultra Slowed),"4,678,071","57,629",,Music,2025
671,injection with green tamatos,"81,323,847","189,564",,Education,2025
672,Best Perspectives of @jordikoalitic ☠️..,"141,469,074","2,296,129",,Entertainment,2025
673,AI-Generated: Learn the Importance of Road Safety (Part 1) #aivideo,"69,350,734","307,889",,People & Blogs,2025
674,偽物偽物偽物偽物偽物偽物偽物偽物偽物偽物偽物偽物偽物偽物偽物偽物偽物偽物偽物偽物偽物偽物偽物偽物偽物偽物偽物偽物偽物偽物偽物偽物偽物偽物偽物偽物偽物偽物偽物偽物偽物偽物偽物偽物偽物偽物偽物偽物偽物偽物,"685,189","30,320",,Music,2024
675,Keşke,"8,730,489","128,682",,Music,2025
676,Amigos y Enemigos Almighty,"1,099,456","8,224",,Music,2024
677,Ne Ağlarsın Benim Zülfü Siyahım (feat. Celo),"676,986","1,780",,Music,2025
678,"Moncho Chavea, Oscar El Ruso, Samueliyo Baby, Samuel G - PAM PAM","1,590,709","13,425",,Music,2024
679,If You Ask Me What Love Is,"6,299,705","34,472",,Music,2024
680,"JENNIE, Doechii - ExtraL (Official Video)","38,076,762","1,924,672",,Music,2025
681,Struggling with a new Phone,"1,451,235","16,223",634,Entertainment,2017
682,Big Bang Theory - Why Sheldon does not celebrate christmas,"1,684,744","4,911",135,Comedy,2010
683,Saugella 4Ever,"1,159,214",0,0,,2020
684,метеорит Хакасия 06 12 2016,"1,344,770","8,338",351,Autos & Vehicles,2016
685,Rocky Balmoto,"2,218,572","10,869","1,626",People & Blogs,2016
686,Charlie vs Swayze,"2,740,111","5,818",289,People & Blogs,2014
687,Dave Chappelle on Martin Lawrence and Hollywood Culture,"1,135,513","6,993",85,People & Blogs,2014
688,PANEK subskrypcja,"2,048,773",20,2,,2019
689,La lozione anticaduta TRINOV è finalmente in farmacia,"2,023,816",42,37,,2018
690,Don't Try This At Home,"1,282,361",180,66,People & Blogs,2016
691,BBC Weatherman Caught Giving Middle Finger on Stage,"510,985","3,000",156,News & Politics,2010
692,Lina Hinestroza es una muestra de lo que somos | Synlab,"825,829",6,1,,2019
693,Irie Maffia: Hands In The Air,"1,944,899","5,590",107,Music,2008
694,Pirate War: Age of Strike (Playwar Strategy Game official video),"999,009",152,70,People & Blogs,2017
695,Man streaming paid main event fight on facebook caught by foxtel,"874,365","2,262",494,People & Blogs,2017
696,MMA Fighter KO's Ring Card Girl,"1,163,800",78,257,Comedy,2016
697,Amazing dog saves another dog by Rafael Franciulli perro rescata otro perro,"1,623,506","2,602",528,Music,2017
698,Sound of Music | Central Station Antwerp (Belgium),"32,829,385","67,866","1,405",Entertainment,2009
699,Cute Golden retriever rescuing her teddy bear,"2,789,609","12,852",427,People & Blogs,2013
700,"A Leopard Hunting A Wild Boar -  Yala National Park, Sri Lanka - A WalkWithJith tour","12,939,960","2,304","4,304",Travel & Events,2011
701,Collateral - Tactical Draw Hip Shot [HD],"1,012,866","2,735",122,Entertainment,2012
702,2009 2010 car crashed - MUSIC SUCKS,"1,312,023",942,484,Autos & Vehicles,2009
703,Autos Waschen für Kinder - Android Spiel von Google Play,"743,942",85,54,Education,2017
704,"50만 유튜버 엠알이 인정한 아쿠아픽 구강세정기, 아직도 안쓰세요?!","995,595",8,26,,2019
705,Масштабная драка на матче Барселона - Реал.mp4,"651,436",331,80,Sports,2011
706,hipnotize,"9,248,421","7,999","1,268",Howto & Style,2007
707,Fake lenovo subwoofer,"896,059","2,624",93,Comedy,2013
708,ахах*,"48,947,998","9,522","9,893",People & Blogs,2010
709,Подборка невероятных удач 3,"10,235,025","20,874","1,453",People & Blogs,2011
710,Andrea Dellacasa  Sacandose ropa interior - Asi Somos [completo],"62,614,185","6,877","7,171",Entertainment,2010
711,In Flames - Trigger,"8,393,871","30,145",709,Music,2006
712,1 Guy KOs 7 Guys,"3,492,694","4,014","2,081",Sports,2011
713,It happens only in India !!!,"3,102,872","10,975",195,Entertainment,2011
714,Rubi de #LosXvdeRubi abucheada en los Premios MTV Miaw 2017,"601,433","2,164",524,People & Blogs,2017
715,real transformers,"957,498",411,182,Film & Animation,2007
716,Plaza English,"710,850",40,6,Film & Animation,2015
717,EKV - Krug (spot),"2,819,880","6,306",141,Music,2009
718,Food defender! Puppy vs ducks.,"1,628,501","2,798",123,Entertainment,2011
719,Fisher Price Laugh & Learn Fun With Friends Musical Table,"54,091,018","8,602","10,707",Gaming,2009
720,"Hups Baby Club, Slovakia","18,376,221","12,785","1,726",People & Blogs,2009
721,Hans Zimmer - Black Hawk Down (Main Theme),"18,846,951","57,057","1,006",Film & Animation,2008
722,Cat pushes dog into swimming pool,"682,941","1,811",186,Comedy,2015
723,All Football Intro,"1,984,750",197,106,People & Blogs,2017
724,"☃ Kid get's smacked by city plow driver ❄️ Belleville, Ontario","1,257,621","6,113","2,075",Nonprofits & Activism,2016
725,Barbara Weldens - Du pain pour les réveille-matin,"1,509,526","1,070",114,People & Blogs,2015
726,Gruzi - Don't let me down,"1,089,084","4,492",91,Music,2017
727,【100万再生回数達成】★大阪人気ナンバーワンのエステサロン★1分間ポンポンするだけで究極リフトアップ,"1,017,738","3,326","2,277",People & Blogs,2017
728,Scuba instructor pulls kitchen knife out of shark's head in Cayman,"2,083,069","1,962",175,People & Blogs,2017
729,Flying Phoenix Tattoo ORIGINAL VIDEO!,"2,109,447",823,45,Film & Animation,2017
730,"Coldplay covers Linkin Park's ""Crawling""","1,034,276","5,518",468,Music,2017
731,AND1 STREETBALL [Knock On Wood],"868,433","1,081",47,Sports,2007
732,И как это называется?,"545,044","1,706","3,138",People & Blogs,2016
733,Intrepid Fallen Heroes Fund,"715,609",32,6,,2017
734,Messi  loses tooth,"672,977",888,"1,455",People & Blogs,2017
735,LOTR cast make fun of Orlando Bloom,"2,756,627","12,934",195,Film & Animation,2011
736,Baby argues with Dog,"2,594,516","3,122",307,Comedy,2014
737,Brother just sent me this,"622,782","8,883",348,Entertainment,2017
738,150 Car Pile-Up on Michigan Highway I-94,"3,658,799","4,636",508,People & Blogs,2015
739,ARTH 2 Theatrical Trailer | Arth The Destination Official Trailer 2017,"1,342,169","8,347",14,Entertainment,2017
740,Dany Boon rend hommage à sa maman et Johnny Hallyday,"1,125,194",,,News & Politics,2017
741,Doce Novembro - Creed - With Arms Wide Open,"2,389,729","2,464",56,Music,2007
742,מהפכת הגגות הסולאריים יוצאת לדרך!,"980,441",5,1,,2019
743,Evie's first sip of Coke,"2,098,844","9,508","1,647",People & Blogs,2017
744,Ottawa cyclist struck by car!,"1,379,955","5,540",262,People & Blogs,2017
745,Dog Saves Deer... Good Boy Storm,"1,591,632","5,595",207,Education,2017
746,50 Cent: Blood on the Sand Trailer,"2,786,159","3,261",515,Entertainment,2008
747,Audi used car commercial in China. Full of sex discrimination,"818,670",558,"1,476",People & Blogs,2017
748,McDonald's drive thru,"726,293","9,536",207,People & Blogs,2016
749,This ain't my phone...,"2,049,699","1,565",255,Music,2017
750,Happy Birthday Cody,"734,558","7,194",191,Entertainment,2011
751,Nuovaluce Beauty Acne Device Kickstarter Video FDA Cleared www.nuovalucebeauty.com,"498,941","4,783",182,People & Blogs,2017
752,Piccola - Piccola (Official Fan Video),"1,650,882","4,499",189,Music,2017
753,ウマウマハルヒ,"853,961",627,207,Film & Animation,2008
754,(THE ORIGINAL FIRST VIDEO) Hidden inappropriate drawing in Maya the Bee!,"661,841","1,657",420,People & Blogs,2017
755,Parks and Recreation called it back in 2015. Cubs World Series 2016!,"205,257","1,557",113,Travel & Events,2016
756,Tom Waits - Falling Down,"858,697","1,980",48,Music,2008
757,Keep Well Keeping Active,"1,883,570",2,3,,2021
758,How Do I Straighten My Teeth? See An Orthodontist,"30,153,971",387,244,,2017
759,Corona - #ThisIsLiving,"2,699,904",53,2,People & Blogs,2016
760,เอ็ทน่า ประกันสุขภาพ พร้อมดูแลคุณในทุกช่วงชีวิต,"3,326,126",14,3,,2018
761,When your Amish town is frozen,"512,991","4,645",135,People & Blogs,2018
762,キャットフード　LUNA Web CM　15秒ver.｜ペットライン,"1,132,972",19,0,,2019
763,Jonas Paul Eyewear - Affordably Cool Kids Glasses,"1,410,355",11,1,,2019
764,"Emma, Le Trefle","12,521,358","14,962",330,People & Blogs,2013
765,#YoNoTrabajo,"22,829,976","1,426",70,People & Blogs,2018
766,En 2021 voyagez en camping-car !,"641,248",0,0,,2021
767,BUDDAY SHUDDAY- ITC Master Chef Frozen Snacks,"8,558,301",24,0,,2019
768,АВТО_ПОДСТАВА НЕ УДАЛАСЬ,"2,424,328","3,130",267,Autos & Vehicles,2011
769,ウラジェニック～映えの裏側～,"661,853",,,,2019
770,Stasi peeing her pants,"1,950,860",560,281,Comedy,2009
771,Captain on United flight deals with some politics,"730,494",600,53,News & Politics,2016
772,Sign Language during our Wedding- 2015,"2,420,783","2,166",82,People & Blogs,2016
773,社長、コブダイ頼子にkiss!　波左間海中公園20150119,"2,185,266","1,921",66,People & Blogs,2015
774,Случился взрыв на станции метро Технологический институт,"2,353,696","2,793","4,727",Howto & Style,2017
775,Premier Mot,"14,025,612",20,3,Comedy,2019
776,Horizon League Tournament: Oakland vs Youngstown State,"1,379,497",111,75,Comedy,2014
777,Niemand liebt Autos mehr als willhaben | Spot 2,"10,876,985",49,15,Autos & Vehicles,2019
778,"COREOGRAFIAS RAUL CHARLO, BAILE MODERNO","2,602,204",720,201,Entertainment,2007
779,PA PANAMERICANO EL ORIGINAL,"25,349,977","28,213","1,986",Music,2010
780,Jade Foret et Arnaud Lagardere,"2,592,135",429,"2,007",People & Blogs,2011
781,Make a cigarette float,"720,739",144,281,Howto & Style,2007
782,Oasis' Noel Gallagher assaulted on stage in Toronto--2008-09-07,"2,389,276","2,342",255,Music,2008
783,El Aeromodelismo,"742,498",677,146,Sports,2008
784,"US Open Surfing - Huntington Beach, CA","4,040,497",860,764,Entertainment,2008
785,David Cook and David Archuleta Guitar Hero Commercials!,"2,911,092","8,025",495,Entertainment,2008
786,Pep's - Liberta ( VerSiOn KaraOké ),"1,053,812",929,77,Music,2007
787,The Strokes - New York City Cops (High Quality Live),"6,012,403","14,002",286,Music,2007
788,I slept with my teacher,"9,844,002","1,998","2,357",Film & Animation,2007
789,canon,"1,151,211","3,600",303,Music,2006
790,"Red Hot Chili Peppers "" Californication "" ( LIVE )","1,318,163","4,440",74,Music,2008
791,Tom Cruise Scientology Video - ( Original UNCUT ),"14,240,339","91,156","18,041",Entertainment,2008
792,Daredevil Trailer,"1,533,971","1,562",132,Film & Animation,2007
793,Japonista Legend   Japonista Sole Version,"3,570,199",301,387,Film & Animation,2010
794,"chien qui chante ""petit papa noel""","7,560,798","4,719","1,735",Pets & Animals,2006
795,disney world top 10 rides,"757,817",575,141,Entertainment,2009
796,"Before a Bush Speech, this happens","10,269,774","11,244","3,604",Comedy,2007
797,"Túlio Maravilha, o maior atacante do Brasil nos anos 90, faz de bicicleta o 972º gol da carreira","1,132,362",536,204,Sports,2011
798,Buttons-The Pussycat Dolls- A Music Video by Cameron Perrins,"1,370,046","1,661",548,Music,2007
799,AH-64 in action kabul afganistan part.1,"2,144,229","3,187",629,Autos & Vehicles,2007
800,OYSHO_SPORT,"32,808,096",12,4,Music,2019
801,7 Things To Do Before I'm 30- Trailer,"3,675,488","2,497",267,Entertainment,2008
802,Maradona_Dribble_skill,"5,154,149","4,152",158,Sports,2006
803,touch n go hercules R/C,"693,502",226,19,Entertainment,2007
804,MC Chaves Canta Funk do Jeremias (ORIGINAL),"8,846,667","9,158","1,147",Comedy,2007
805,Flo-Rida - Low routine,"13,329,843","10,448","1,373",Entertainment,2007
806,Brooke gets a tattoo,"17,642,798","2,103","1,621",People & Blogs,2007
807,Tenue de Soirée Christophe Maé Gad Elmaleh,"1,274,697","1,641",102,Music,2007
808,Eddie Sachs and Dave MacDonald fatal Crash @ Indy 500 1964,"1,193,770",354,37,Sports,2007
809,Super fast police reaction to a road rage,"2,908,526",,,Autos & Vehicles,2011
810,Trafalgar Law,"650,699",771,87,Film & Animation,2009
811,ホッキョクグマ　赤ちゃんの悲劇,"1,206,374",199,260,Pets & Animals,2009
812,The greatest goal to be ever waved off,"951,692","1,541",178,Sports,2011
813,Naruto german opening,"2,082,329","27,628","1,967",Entertainment,2007
814,Los 25 animales mas raros del mundo AFIRMAN LOS CIENTIFICOS,"1,051,406",516,811,Autos & Vehicles,2009
815,Fiat 500  vs  Nissan 350z,"2,110,577","1,437",146,Autos & Vehicles,2006
816,Britney Spears ft. Rihanna-S&M Live at Billboard Awards 2011,"1,475,634","2,487",267,Music,2011
817,Камаз видео (Село Вырыпаево - Мордовия)№4,"1,015,248",236,152,Autos & Vehicles,2012
818,The Automated Max Cantilever,"1,567,738",11,0,,2018
819,Girl honks at ship,"12,100,810","69,506","3,924",Autos & Vehicles,2012
820,Упало,"1,198,916","2,351","1,747",People & Blogs,2016
821,11/2/16 Chicago Cubs World Series Champs! Wrigley / Skyline of Chicago - Celebrate! Party!,"1,045,871","2,549",83,People & Blogs,2016
822,60 Year Old Kills Hip-Hop Routine!!,"4,352,952","10,647",161,People & Blogs,2015
823,"Trump: If Ivanka weren’t my daughter, I'd be dating her","1,528,271","1,557","1,211",Comedy,2015
824,Саянский метеорит.,"701,308","2,013","3,013",People & Blogs,2016
825,EPIC Drum Solo FAIL!,"3,865,978","22,231",900,Comedy,2011
826,Bertolucci over Maria Schneider,"4,117,228",851,"1,937",Film & Animation,2013
827,Lil Loaded ft. YG - “Gang Unit Remix” (Official Video),"1,736,200","127,492","1,363",Music,2020
828,Snapask Singapore | Effective Learning You Can Trust,"601,993",7,1,,2020
829,Voter Information Card (16x9 - 15 seconds) | Elections Canada,"1,898,564",2,,,2021
830,Real Gunfighter Lance Thomas on Justic Files,"1,063,456","6,840",0,News & Politics,2009
831,Home with dada - Time Lapse,"38,509,445","27,675",0,Entertainment,2012
832,吳青峰 - （......催眠大師）（feat. Maîtrise Saint-Marc - Les Choristes）,"729,068","3,681",,Music,2022
833,ALL-NEW Villain Xtreme Foam Face Wash | Get Your Grooming Game On With Superstar Yash,"20,177,611",118,,,2023
834,Laissez Toulouse vous inspirer - MEETINGS,"2,396,085",10,,,2020
835,أبرز إنجازات solutions في عام 2021 #رواد_المستقبل_الرقمي,"1,934,789",,,,2022
836,Big Homiie G - Who Got It (Official Video) ft. Finesse2Tymes,"865,867","24,156",,Music,2022
837,Amazon Fresh - Try the Amazon Dash Cart,"77,123,469",159,,,2021
838,Het Overheersbeestje (20sec),"7,829,229",25,,,2019
839,Console Connect: Making life easier for network engineers,"928,250",3,,,2022
840,Көзмоншағым (Remix),"852,325","2,558",,Music,2022
841,Robot tagliaerba autonomo senza filo perimetrale con perimetro virtuale,"3,443,901",0,,,2023
842,"Daha iyi bir ben için, bu Form kendim için!","10,514,303",15,,,2022
843,Train- Drive by (with lyrics),"14,018,313","32,918",0,Music,2012
844,Brenda Lee - Rockin' Around The Christmas Tree (Official Music Video),"2,605,084","55,604",,Music,2023
845,"Raisa, Ahmad Dhani - Biar Menjadi Kenangan (Official Lyric Video)","1,891,769","33,390",,Music,2023
846,Negramaro - Ricominciamo tutto (Sanremo 2024),"1,095,011","14,122",,Music,2024
847,Insta Vs Reality 😲😍 #travel #unrealplaces #explore #nature,"73,165,517","2,967,591",,Travel & Events,2024
848,"Yes or No (Feat. 허윤진 of LE SSERAFIM, Crush) (Yes or No (Feat. 허윤진 of LE SSERAFIM,...","10,642,441","69,340",,Music,2024
849,SYLVANIAN FAMILIES BABY AMUSEMENT PARK 15 SEC,"7,090,783",4,,,2022
850,Shaboozey - A Bar Song (Tipsy) [Official Visualizer],"4,941,173","121,986",,Music,2024
851,PIRTEK | Hydraulikschlauch Reparatur vor Ort | 24 Stunden Service,"865,065",62,,,2016
852,Eden Muñoz - Mi Primer Día Sin Ti (Video Oficial),"3,304,460","40,451",,Music,2025
853,İNTİHAR,"869,318","9,477",,Music,2024
854,Into You (네가 내 마음에 자리 잡았다 (Into You)),"2,594,431","22,542",,Music,2024
855,CGX Shampoo 15seg,"32,562,851","1,706",,,2022
856,"Olly, Angelina Mango, JVLI - Per due come noi (Official Video)","3,822,060","38,443",,Music,2024
857,Minimum ça,"680,629","11,809",,Music,2024
858,"Asake, Travis Scott - Active (Official Video)","6,232,792","184,120",,Music,2024
859,GELO - Can You Please (Lyric Video) ft. GloRilla,"1,404,690","70,327",,Music,2025
860,Los Presidentes,"712,072","8,473",,Music,2024
861,Luck Ra - UN CLAVO,"1,963,336","24,553",,Music,2025
862,Addison Rae - High Fashion (Official Video),"2,568,713","124,089",,Music,2025
863,Ya Fui Negro Ya Fui Blanco,"705,581","10,643",,Music,2025
864,These Little Moments 🥹🤍 #toddler #siblings #cute,"69,659,013","1,117,902",,Howto & Style,2024
865,Ректальные Рейнджеры - Грязная работенка!,"1,058,118","1,790",955,Nonprofits & Activism,2016
866,The Smokey Life - With Lyrics (Leonard Cohen),"1,701,700","1,514",64,Music,2010
867,Head & Shouders - Ampollas Hidratación intensiva,"1,437,127",5,2,People & Blogs,2014
868,Out Of The Furnace -- Official Trailer,"1,479,394",301,40,Entertainment,2013
869,Лікування туберкульозу в Україні - безкоштовно у сімейного лікаря. Прикінчимо епідемію разом!,"728,763",133,14,,2018
870,Pennsylvanians: Help your hospital!,"774,430",0,0,,2020
871,Leverage: Redemption - Official Trailer | IMDb TV | Coming July 9,"9,056,254","3,856",34,,2021
872,Luke Hemmings - Starting Line (Official Video),"635,002","129,469",179,Music,2021
873,The #1 Pharmacist Recommended Brand,"14,234,392",37,24,,2020
874,Wild Child - Enya,"9,598,411","11,951",0,Entertainment,2006
875,What goes around (comes around) - Lyrics,"1,347,605","3,001",0,Music,2006
876,"Spongebob ""The Soldier of Love""","25,610,196","14,378",0,Music,2007
877,"Beéle, Myke Towers, Feid - Barranquilla Bajo Cero (Official Video)","8,254,128","198,513",,Music,2022
878,Ayra Starr - Rush,"17,367,547","272,550",,People & Blogs,2022
879,Din Cauza Ta,"692,770","5,164",,Music,2022
880,#BikeIsBest | There has never been a better time to ride a bike,"2,772,378",186,,,2020
881,Save Water. Save California.,"5,175,299",9,,,2022
882,"Meet Dr. Shecarra Cook, ACU Online Graduate","2,083,923",11,,,2022
883,Southeastern Oklahoma State University | Determined to Learn,"1,957,395",2,,,2021
884,Why Buy Travel Insurance?,"3,583,264",115,,,2017
885,Regina Power PL,"13,378,102",2,,,2023
886,JCB Indonesia New Brand Ambassador - Luna Maya | JCB,"1,191,811",,,,2023
887,吳青峰 - （……小王子）（feat. 大橋三重唱）,"758,113","2,955",,Music,2022
888,Neutro Balance | Una piel en balance te conecta con lo que amas,"14,265,064",18,,,2022
889,Get inspired and unleash your creativity in the kitchen |  RiceSelect®,"1,405,618",7,,,2022
890,XCOPRI® (cenobamate tablets) CV Commercial,"4,890,361",48,,,2021
891,Фортеця Бахмут,"700,921","20,921",,Music,2023
892,"Chu,Tayousei.","739,527","17,094",,Music,2022
893,Official髭男dism - Subtitle [Official Video],"22,449,034","240,778",,Music,2022
894,Anas feat. Soolking - Sur Pp (Clip officiel),"8,075,765","127,110",,Music,2023
895,Ocean Spray® | What Will You Do With All That Power?,"22,454,152",131,,,2022
896,Mephisto,"832,845","21,237",,Music,2023
897,Shop Groceries Online with Fast Lane,"769,638",4,,,2021
898,Slim Chickens 2018 TV Commercial - Variety,"1,727,971",,,,2018
899,Collect More Verified Customer Ratings and Reviews with Shopper Approved: An Introduction Video,"702,178",13,,,2020
900,Cıstak x Ne,"903,229","5,919",,Music,2024
901,Tak Ingin Usai,"814,482","6,594",,Music,2023
902,Supernova,"27,166,456","123,748",,Music,2024
903,Destroy Lonely - if looks could kill (Official Music Video),"830,566","58,361",,Music,2023
904,Arjan Vailly,"5,460,189","64,375",,Music,2023
905,Take the First Step Towards a Meaningful Career,"1,822,083",33,,,2019
906,White (화이트 (White)),"8,226,081","25,232",,Music,2023
907,Enchanteur Body Lotions & Creams - Irresistibly Silky Soft Skin,"9,658,124",422,,,2023
908,My Love,"583,139","10,498",,Music,2024
909,Amapola,"952,452","18,255",,Music,2024
910,Можно я с тобой,"1,356,781","37,200",,Music,2024
911,Ship Sticks: Send Your Golf Clubs Ahead,"1,783,373",13,,,2018
912,Isadora Pompeo - Aliança (Ao Vivo),"1,535,732","30,924",,Music,2024
913,Trueno - PULL UP! (Official Video),"1,434,999","86,484",,Music,2024
914,Tengo Un Plan (Remix),"2,381,406","41,572",,Music,2024
915,"J.P., NLE Choppa - Bad Bitty (Remix) [Official Music Video]","987,265","46,378",,Music,2024
916,"Kevin AMF, Omar Landell - Blair (Video Oficial)","2,762,811","51,542",,Music,2024
917,Best Perspectives of @jordikoalitic ☠️..,"124,380,183","2,347,710",,Entertainment,2025
918,Yo Vengo De La Nada,"592,930","13,705",,Music,2024
919,What happened with petrol ⛽️ theif?,"86,474,636","770,294",,People & Blogs,2025
920,Nanpa Básico - Cuando Vienes (Official Video),"686,747","24,507",,Music,2024
921,走れSAKAMOTO / Vaundy：MUSIC VIDEO,"2,945,781","25,949",,Music,2025
922,Whiplash,"26,339,205","125,508",,Music,2024
923,ETA (RMX),"1,036,672","33,644",,Music,2024
924,camera shutter speed matches helicopter`s rotor,"3,682,223","53,493",581,People & Blogs,2017
925,Self-Driving Uber running red light,"1,872,637","5,143","3,969",Autos & Vehicles,2016
926,Man destroys yellow jacket nest with bare hands ORIGINAL,"1,655,964","9,915",477,Comedy,2017
927,Reservations.com - Saves You Time & Makes Booking Easy!,"1,122,738",2,2,,2018
928,Scarlett Johansson for Grandma,"1,635,974","2,457",274,Entertainment,2017
929,Maintenance of a Double glazed PVC window,"1,706,353",567,76,Education,2012
930,Cestovní pojištění AXA,"545,574",5,8,,2019
931,Beijing 2008 - Usain Bolt 9.69 sec World Record 100m,"1,864,049",331,"1,416",Sports,2008
932,Когда твой худший враг - это ковер,"2,051,016","18,663","1,807",People & Blogs,2017
933,Pink - I Don't Believe You Official Music Video Sims 2 HD,"671,291",400,119,Music,2009
934,Stephen Colbert 2011 Commencement Speech at Northwestern University,"1,142,028","7,520",105,Comedy,2011
935,Funny bear - Cho kaka o,"556,376",98,59,Entertainment,2007
936,Mister Dakar Doesn’t Want To Weigh Himself | Dakar Rally 2019 Ep.1,"646,832",536,48,,2019
937,Magistral - Consejos para ganar al Poker,"1,529,281",8,10,,2019
938,BMW Crash BENZ ขับรถระวังๆนะครับ เสียดายรถ,"766,364",395,31,Autos & Vehicles,2017
939,رقص وخمر باحدااسطح العماير المطله على الساريه العلم بجده اجانب,"1,348,369",273,695,People & Blogs,2016
940,"Come, habla y sonríe con confianza | Corega Chile | Adhesivos para prótesis dentales","2,630,931",8,3,,2020
941,Survive - Support Small Business - Facebook,"4,440,336",277,53,People & Blogs,2020
942,It's Time.,"1,748,740",5,10,,2020
943,Dog loves ticklish fringe,"943,385","8,064",248,People & Blogs,2016
944,"""Terrified"" performed by Didi Benami, written by Kara DioGuardi and Jason Reeves.","1,275,336","4,344",59,Music,2010
945,What happens when you surprise your BF with a boxer puppy?,"681,624","3,157",36,People & Blogs,2013
946,Mano Negra - Mala Vida,"18,428,307","38,890","1,029",Music,2006
947,Brave Kitten Stands Up to Dog,"45,622,964","98,565","38,062",Entertainment,2011
948,Напугали бедолагу,"8,680,501","13,589",690,Comedy,2011
949,方珈悠嬉水片段.mp4,"45,632,326","4,263","9,843",Entertainment,2010
950,Caroline - Status Quo,"5,114,818","7,759",171,Music,2006
951,5 biggest planes in the world,"4,044,462","3,746",929,Entertainment,2009
952,** FREE PSN / STEAM CODES **. Dropping every 250 subscribers!,"731,822",15,43,Gaming,2017
953,Охотничий кот,"670,799","5,378","3,901",People & Blogs,2016
954,HOMEFRONT [Official Trailer],"3,469,160","1,551",30,Entertainment,2013
955,"Lightning hits the sea - HD - Bay of Kotor, Montenegro","3,690,436","8,840",394,Entertainment,2012
956,Funny Cats,"57,324,296","143,295","3,809",Pets & Animals,2007
957,Жилье для инвалида. Ужасы Сыктывкара.,"737,404","1,471",212,People & Blogs,2017
958,funniest field set ever in Cricket,"6,502,261","2,672",503,Sports,2009
959,Mariah Carey New Years Eve 2016 2017,"2,766,473","2,015","2,655",People & Blogs,2017
960,Good old days,"1,249,801","10,317",145,Gaming,2016
961,Finch Frozen to Fence Rescue,"3,702,696","25,741",152,People & Blogs,2017
962,"Children Of Bodom - ""In Your Face""","10,945,662","44,450","1,852",Music,2006
963,Adam Braidwood vs. Tim Hague,"1,884,834",538,"1,047",Sports,2017
964,Mercedes Benz Atego truck drift in the snow,"1,654,960",723,168,Autos & Vehicles,2007
965,Racist Woman yelling and demanding to see a white doctor born in Canada.,"1,614,429","6,369","2,096",Comedy,2017
966,2018 - ЛДПР,"10,615,380",,,People & Blogs,2017
967,Parfym.se - Ad Q3-4 2019 - 15sec (B),"2,371,993",7,1,,2019
968,Male cry jury with an incredible voice,"27,566,202","55,010","1,927",Music,2011
969,Human Turkish Get Up,"21,193,172","13,643","2,737",Sports,2011
970,bob marley,"23,465,084","40,072","1,023",Music,2006
971,Rent A Wheel | Rent A Tire 20th Anniversary Sale,"1,908,813",4,8,,2017
972,BARCS vet tech comforts crying puppy,"805,865","1,041",32,People & Blogs,2016
973,Выборы 2018. Шокирующий фильм Никиты Михалкова «Лоботомия»,"2,056,243","5,762","28,321",Nonprofits & Activism,2017
974,Duiosa unica bonita,"21,679,223","13,097","1,155",Film & Animation,2008
975,Juiceee feat. Milena Ceranic - Bikini,"5,790,939","8,173","1,653",Music,2011
976,Anaconda died because of eating another Snake,"7,540,231","1,033",237,People & Blogs,2015
977,100 greatest funny videos in the world,"18,742,994","11,645","2,828",Entertainment,2010
978,Orbit México - Aeropuerto,"56,145,673","1,845",989,Howto & Style,2016
979,JESUS CHRIST IN JURASSIC PARK,"1,133,562","2,677",878,Pets & Animals,2011
980,"Tommy Wiseau in The Room vs. James Franco in The Disaster Artist (""I did not hit her "" scene)","835,947","7,495",232,Film & Animation,2017
981,Charlie Charlie Challenge Android,"7,594,484","1,473",525,Gaming,2015
982,Selfie Domino,"7,135,785","7,993","3,168",People & Blogs,2017
983,Экстремальная экскурсия PNK,"14,316,983","5,944",375,Science & Technology,2017
984,SDCC 2018 D23EXPO LEAK AVENGERS 4 TEASER TRAILER GUARDIANS AND THOR,"902,113","5,250","16,759",People & Blogs,2017
985,Dogs Charge Police Officer Meridian Idaho David Gomez,"2,271,314","11,303",261,Nonprofits & Activism,2016
986,„Hipis” - nowa książka Paula Coelho już w księgarniach!,"979,231",11,,,2018
987,"Лидер вежливых фермеров о концерне ""Покровский""","815,205","5,214","1,997",People & Blogs,2017
988,Philippe Poutou - On n'est pas touché (clip officiel de campagne à la présidentielle 2017),"502,245","3,060",950,Pets & Animals,2017
989,Blinker fluid prank,"3,472,449","25,739","1,535",People & Blogs,2017
990,Champions and Challengers - Adventure Time - Pre-register on Google Play Store,"2,986,914",795,174,Gaming,2017
991,ITS Coop Travel - Traumhafte Ferien (kurz),"1,263,044",2,5,Travel & Events,2017
992,It Got Grandma!: Chimp at Zoo Throws Poo in Grandma's Face!,"3,975,037","24,800","1,387",Pets & Animals,2017
993,2017 0401 s10 Toruń Bydgoszcz,"1,273,971","3,076",454,Entertainment,2017
994,Eagles Fan Gets Wrecked by Pole,"706,418",877,40,Film & Animation,2018
995,UltraTap - новости из соцсетей,"498,038",706,"1,533",People & Blogs,2017
996,CALIFORNIA - MONDAY JUSTICE FEAT. SNOOP DOGG (Official Music Video),"943,248","2,949",22,Music,2017
997,John McEnroe's most famous outburst happened in Stockholm in 1984,"4,853,621","7,254",426,Sports,2010
998,Adi Golan's Group - Teaser,"56,578",,,Music,2014
999,Keg tapping goes horribly wrong.,"751,804","3,427",313,Entertainment,2017
1000,LIVE Hurricane Irma - Downtown Orlando - American Safety Council,"554,438",184,8,News & Politics,2016
