video,video_views,likes,dislikes,category,published
Lil Nas X - Old Town Road (Official Movie) ft. Billy Ray Cyrus,"54,071,677","3,497,955","78,799",Music,2019
JP Saxe - If the World Was Ending (Official Video) ft. Julia Michaels,"76,834,495","804,353","21,195",Music,2019
Power Star Pawan Kalyan Special Surprise To Sensational Singer Baby|Filmy Poster,"96,686","1,007",82,Entertainment,2018
Totti with a funny penalty,"8,353,318","5,613","1,082",Sports,2007
"Polo G, Stunna 4 Vegas & NLE Choppa feat. Mike WiLL Made-It - Go Stupid (Official Video)","7,396,199","320,910","6,485",Music,2020
Not a mechanical baby,"14,612,153","3,339",156,Entertainment,2011
pevecov popek poje na sexy back,"37,460,296","4,533","10,949",Comedy,2007
"Colapesce, Dimartino - Musica leggerissima (Official Video - Sanremo 2021)","6,953,838","116,350","2,059",Music,2021
Grandma Dottie's Prom Dress Surprise,"8,414,676","2,442",103,People & Blogs,2012
Rels B - LA LATINA (Videoclip Oficial),"5,851,411","155,543","3,504",Music,2019
Jim Carrey THE FUNNIEST video,"8,322,488","6,216","11,521",Comedy,2007
TEST γιανα δεις αν έχεις καλά ματιά,"699,382","8,436","1,756",People & Blogs,2017
03 - 03 - 2015 AimBot,"5,923,017",62,307,Gaming,2015
Cat mom hugs baby kitten,"59,857,489","347,772","8,212",Pets & Animals,2011
"Biggest Snake of the World for Sale, 25 000 €","55,113,253","3,957","46,705",Entertainment,2008
Polo G - Flex (Official Audio) ft. Juice WRLD,"3,845,186","122,706","1,305",Music,2020
basic instinct,"6,484,622","1,102",271,Entertainment,2006
The JAWS OF DEATH AROUND ME my story,"15,694,317","2,156","16,530",Pets & Animals,2007
Dog meets baby kitten,"5,856,946","2,705",83,People & Blogs,2014
JD Pantoja - 12•19 (Official Video),"7,010,732","1,027,392","34,185",Music,2020
Suzuki Hayabusa with Turbo Vmax 390kmh,"20,146,924","11,010","1,095",Autos & Vehicles,2006
Roger Federer / Bill Gates vs John Isner / Mike McCready - Match for Africa 4 Highlights,"514,694","2,742",69,Sports,2017
Starcraft 2 Gameplay footage and unit preview,"7,529,927","6,075",772,Entertainment,2007
Maradonna Gods Hand,"3,777,997","2,300",854,Sports,2007
"Sir Nicholas Winton - BBC Programme ""That's Life"" aired in 1988","39,407,674","97,009",747,Education,2009
Why athletes should wear pants,"17,802,747","2,935","46,151",Sports,2008
Kurdish KANGAL vs.American Pitbull Terrier Dog Fight 2008,"8,066,421","1,267","5,689",Pets & Animals,2008
Если мент....,"10,748,286","7,504","4,116",Music,2010
Wedding first dance w/ surprise Jack Johnson Michael Jackson,"16,485,606","15,813","1,360",Comedy,2007
Polo G - Be Something (Official Audio) ft. Lil Baby,"2,692,740","99,982","2,393",Music,2020
Bureau Vallée - papeterie et Fournitures de bureau,"21,596,623",7,3,Film & Animation,2019
Static & Ben El - Bella,"3,305,681","10,461",626,Music,2021
Police take advantage of a Drunk Girl,"36,311,875","24,016","4,340",News & Politics,2008
Big nipples,"13,591,249","1,951","1,628",Comedy,2006
Вкладчикам Югры в Центробанке не рады,"204,782","5,352",63,News & Politics,2017
We asked you... What do you Chooze ?,"1,018,713","2,413",12,Autos & Vehicles,2017
Best Heavyweight Knockouts of All Time,"5,250,458","5,891",509,Sports,2007
Dog reacts to return of Nathan after two year Mormon mission,"6,040,429","5,972",194,Pets & Animals,2015
Orangutan loves baby bump,"5,989,058","4,282",282,Music,2016
Dog scared by fart,"5,938,416","3,883",129,Comedy,2015
НЕ ПОВЕЗЛО - UNLUCKY,"14,921,437","3,604","1,225",Comedy,2009
"Visitenkarten, Flyer oder Banner schon ab unter 10€.","4,929,481",3,2,People & Blogs,2017
David Beckham crazy pass (cross),"17,275,250","32,362",752,Sports,2008
LAVIE LOVE LIST | 2019,"10,188,590",9,0,Howto & Style,2019
Tra Tra Tra,"2,663,550",734,212,Comedy,2007
Girl In Car Flashes Her Bra & Then Crashes Into A Truck!,"9,884,005","7,891","2,334",People & Blogs,2009
Girl blown by a plane,"12,255,456","7,725",745,Travel & Events,2012
Barack Obama Hillary Clinton - Umbrella,"148,996,976","36,190","20,698",Comedy,2008
Nice Fight - Cops vs Drug Dealer,"17,166,129","12,980","3,713",Entertainment,2008
Uğur Volkan Uysal | Wix.com ile Kendi Sitenizi Kurun,"6,587,447",32,101,People & Blogs,2018
Olivia Rodrigo - drivers license (Official Video),"68,224,979","3,810,456","48,539",Music,2021
Jedna fotografija dnevno u najgoroj godini života / One photo a day in the worst year of my life,"61,892,792","32,649","4,045",People & Blogs,2013
"Grilling Tip, How to Make a Non Stick Surface Part 1","4,702,870",786,51,Howto & Style,2014
Brock Lesnar serves breakfast in ESPN cafeteria prank | ESPN Archives,"2,472,045","28,842","1,204",Sports,2017
Top 20. Soundtracks Of All Times!,"3,590,248","2,836","2,542",Music,2007
Kobe dunks over Shaq in practice (funny),"12,649,333","4,492","1,247",Sports,2006
CRASH-405,"2,714,140",376,"1,665",Comedy,2006
German Shepherd scared of Stuffed Toy Tiger. Very Funny! (ORIGINAL VIDEO & VERSION)),"5,352,751","6,997",171,People & Blogs,2015
Tenacious D - Explosivo,"2,754,518","10,186",204,Entertainment,2006
HSMFanNisa Exclusive:High School Musical 2 Song(s)With Lyric,"7,352,624","2,538",256,Music,2007
Fo fo fo fo fristajlo!,"2,894,700","6,108",152,Comedy,2007
LILHUDDY - America's Sweetheart (Official Music Video),"3,086,667","346,074","12,082",Music,2021
How NOT to Load a New Ford F-350 Truck on a Trailer,"3,415,700",942,303,People & Blogs,2015
baby playing in mother's womb !!!!!,"5,806,522","2,810",101,Entertainment,2010
Cats Welcoming Home Soldiers (parody video),"2,126,930","1,984",259,Comedy,2014
Coconut crab attacks bird,"2,691,332",785,225,People & Blogs,2017
Swimming,"25,671,563","2,240","2,419",People & Blogs,2007
How to fix a small dent,"23,778,413","5,399",419,Education,2010
Хоккей в фуре - вызов принят!,"1,556,347","2,726","1,433",Sports,2017
44 Magnum Las Vegas,"2,345,415","7,883",259,People & Blogs,2010
Miss Carolina - se le salio!,"37,787,055","3,476","10,810",Comedy,2009
Two guys cause trouble on Ryanair,"2,451,202",697,441,People & Blogs,2016
Hot Bikini Waxing Girls!,"1,888,388",398,106,People & Blogs,2006
Bucket Bear better quality,"4,399,693","2,977",117,Pets & Animals,2014
c`e solo l inter... a farci ridere,"2,136,208","3,379","1,966",Sports,2007
Remember the 80's ?,"3,293,594","1,481",89,Comedy,2006
Το ποιο απίστευτο βίντεο που έχετε δει ποτέ!!! The most INCREDIBLE VIDEO EVER !!! WWW.BYTHEWAY.GR,"3,360,262","2,084","3,489",Sports,2008
Funny Foul Shot Blooper,"2,540,079","3,507",93,Sports,2011
video 1450041175 mp4,"2,368,587",732,90,People & Blogs,2015
High School Musical 3 - Can I Have This Dance *OFFICIAL MUSIC VIDEO w/lyrics (HQ),"25,576,382","23,880","1,691",Music,2008
Zebra Drowning a Lion,"30,475,518","19,766","2,398",Autos & Vehicles,2009
Garth Brooks - The Dance - Kick Cancer's ASS!,"3,751,723","2,513",90,Entertainment,2014
Wyzywająca Doda,"2,195,081",712,507,Entertainment,2006
Кредит наличными 15 sec,"21,492,932",16,96,News & Politics,2017
Smartest Police Dog Ever!,"3,818,260","2,410",29,People & Blogs,2009
Grandma falls into crib,"5,198,725","3,233",640,People & Blogs,2016
"""Drake"" on the Tube...","2,683,856","7,414",457,Comedy,2012
Tundra vs Silverado,"2,600,480",738,672,Autos & Vehicles,2007
Capitoline venus,"2,181,160",63,119,Travel & Events,2007
Cat and Dog (a love story),"2,194,640","1,626",276,Pets & Animals,2007
Blümchen (Blossom) - Herz an Herz,"2,257,460","3,800",199,Music,2006
"Ghetto Kids, Kenia OS, Malo - Toketeo (Video Oficial)","1,677,733","211,037","7,579",Music,2021
Silent Monks Singing Halleluia,"21,061,223","50,817","1,336",Comedy,2008
ABBA Dancing Queen 1976,"20,688,870","22,826",851,Music,2006
Horse attacks alligator! Payne's prairie 4/12/17,"2,173,396","2,235",200,People & Blogs,2017
two fake umps.MOV,"1,338,441","3,712",135,Sports,2010
Safe Sleep for Baby,"3,400,850",181,156,Education,2011
WTC in a perfect world,"3,476,635","5,982","2,129",Film & Animation,2007
The megalodon-World's Biggest Shark,"13,893,527","8,744","5,157",Entertainment,2007
Groom forgets rings prank,"2,760,303","1,730",212,Entertainment,2016
Barbie-Girl,"22,225,399","10,788","3,217",Film & Animation,2006
ProtoType gameplay,"3,128,367","4,724",605,Entertainment,2008
Weird People and Animals,"11,474,129","2,458","4,833",Comedy,2008
Lola and Annie - Road Trip Karaoke,"7,095,244","4,677",200,Comedy,2017
DIESEL LOUIE,"1,605,558","1,035",52,Autos & Vehicles,2007
4 year old little girl feeding and controlling six #pitbulls / Girl Controls Future Dog Trainer,"6,691,213","3,008",342,People & Blogs,2015
Big Fish - trailer,"2,126,010","3,046",119,Entertainment,2006
over 500 strokes per minute,"2,285,448","1,104","5,442",Howto & Style,2007
Titanic - The Drawing Scene,"1,765,315",444,"1,079",Comedy,2006
"morodo, la yerba del rey","5,337,381","5,237",263,News & Politics,2007
Mulatto - No Hook (Official Video),"2,138,136","123,687","1,793",Music,2020
Devils Fingers or Octopus Fungus Clathrus archeri December 2014,"6,705,396",791,42,Autos & Vehicles,2014
"Gerald Daugherty Campaign: ""Please Re-Elect Gerald...Please!""","3,923,892","6,783",103,People & Blogs,2016
Smart German Shepherd:  Twitch Letting Sophie Out of Her Kennel,"9,071,139","6,457",432,Pets & Animals,2012
Morray - Trenches (Official Music Video),"1,352,140","58,129","1,051",Music,2021
Beéle - Si Te Interesa (Official Video),"1,450,005","94,228","1,067",Music,2021
supercars accidents !!!!!!!,"2,021,817",694,230,Autos & Vehicles,2007
Bieżnie inSPORTline - Na każdą pogodę!,"16,093,134",30,27,People & Blogs,2017
Aitch - Safe To Say,"1,330,363","84,759","1,749",Music,2020
ShemarooMe - BOLLYWOOD | GUJARATI | DEVOTION | PUNJABI | KIDS,"1,226,138",1,0,People & Blogs,2019
If you watch this 100 times you'll still laugh !,"45,597,951","97,649","27,835",Comedy,2008
"Korea, the best dancer ever!!!","24,082,631","36,946","13,769",Entertainment,2007
End Of Watch Trailer,"3,212,936","1,083",76,Film & Animation,2012
Rally driver's killer reflexes,"7,261,710","15,509",685,Sports,2011
Crazy Turtle,"12,093,713","6,766","1,337",Entertainment,2007
"Top Ten most Awesome Boat , Crashes, Collisions, Sinkings and Amazings Sights at Sea","3,062,448","1,642",273,Education,2009
The Rockettes 'Be My Baby' video,"6,636,077","1,284",41,Music,2013
Vegamálun GÍH,"3,012,775","1,632",162,People & Blogs,2017
Traditional Malaysian blowpipe maker shows how he takes down his prey in the wild,"3,510,345","32,449",248,Film & Animation,2017
Doug Fernandez gives up,"2,002,491","19,461",185,People & Blogs,2017
Мир не без добрых людей    Забыв про свадьбу,"2,068,532",839,45,Music,2017
Buffet,"2,751,775","5,401",342,Comedy,2016
Customer Fail!,"4,525,935","8,052","2,288",People & Blogs,2016
Blue Angels Fly By,"7,980,199","11,170",417,Comedy,2015
Tyla Yaweh - I Think I Luv Her (Lyric Video) ft. YG,"2,124,429","19,110","1,256",Music,2019
video picante del jaripeo,"4,148,013",442,846,Entertainment,2009
University of Arizona v.s. UCLA Streaker Dressed as Referee 2011 ENTIRE VIDEO (ORIGINAL),"2,601,392","3,467",580,Entertainment,2011
Breast Flexing,"4,119,405","1,819",215,Entertainment,2007
DOBLAJES DX EL CHAVO CHAPULIN COLORADO,"1,886,651",421,"1,040",Comedy,2007
How to Change a Nipple Piercing,"11,658,971",596,"7,432",Howto & Style,2011
"Crocodile attacks couple  in Zimbabwe , Kariba 2016 Insta @stueysink88","4,422,005",879,338,Pets & Animals,2016
Ready? Ready.,"1,486,824","4,805",143,People & Blogs,2016
Privacy in a brand-named hotel,"22,529,178","6,601","2,414",People & Blogs,2014
Reckless Driver Videos Himself Speeding On Facebook Live Before Accident,"3,653,602","3,162","4,296",Travel & Events,2016
"Empleados de BANAMEX dándose de arrimones en Angelópolis, Puebla","3,649,044",192,"4,753",News & Politics,2010
誰でも簡単、無料で公開！ホームページ作成ならWix.com,"22,504,802",165,88,Howto & Style,2016
Old man is having fun under metallica,"2,566,313","25,274",399,Entertainment,2017
Experimento Asiento Incómodo,"2,516,672","1,285",868,People & Blogs,2017
Rollercoaster bezichtiging in Ermelo,"4,851,071","3,934",141,People & Blogs,2014
Сидит себе такой стареющий Серёжа... (Тарута мультик),"1,020,604","1,123",9,People & Blogs,2017
Daddy yankee Llamada De Emergencia oficcial video,"3,393,600","1,210",126,Music,2008
American Terrorist Christopher Cantwell balls his eyes out,"1,283,550","1,966","5,740",People & Blogs,2017
Chinese boy breaks elevator with his pee pee,"2,171,435",990,102,People & Blogs,2018
Superman Disguise,"1,388,327","6,100",97,People & Blogs,2010
Touch at Your Own Risk,"2,637,024","3,931",222,People & Blogs,2017
Bio-Oil Love your marks,"22,620,709",34,12,Howto & Style,2019
"Lisa Simpson calls Donald Trump Presidency, Increased Debt","5,099,101","6,432",350,Comedy,2011
Accident in ski lift Gudauri Georgia,"1,070,767",694,184,People & Blogs,2018
atlantis waterslide lol,"1,421,652",475,38,Entertainment,2007
Lionel Messi VS Real Madrid The Fight,"1,851,681",705,"1,163",Sports,2009
HELLS ANGELS BEAT & STAB BANDIDOS BIKER GANG,"2,659,150",375,150,News & Politics,2007
Backyardigans,"1,232,789",216,120,Entertainment,2010
Court room beating,"3,569,473","2,312",131,People & Blogs,2006
BACILOS LA CARA DE LA LUNA,"2,142,731","2,971",89,Music,2008
The best gymnastics of the world 1,"1,998,858","1,783",292,Sports,2007
Cars: Mater-National ps3,"1,459,766",105,54,Entertainment,2008
"Hippo Charge on Chobe River Jan2015, recorded with iPhone 6; Botswana, Awesome but crazy dangerous.","9,735,098","14,563",773,People & Blogs,2015
Kid at Minecon 2016 asks what we all wish we could answer,"1,669,272","23,510",502,People & Blogs,2016
Bruce Lee VS japanese school,"22,075,523","25,688",0,Film & Animation,2007
How to surprise a horse,"1,625,194","7,357",352,Comedy,2016
Service station attempted robbery,"346,486",433,8,People & Blogs,2016
Best of Both Worlds,"14,813,633","11,336","1,289",Entertainment,2006
SHOCKING!! Tumor of 186 Pounds! - Man Pleads For Help.,"45,105,963","3,902","6,244",People & Blogs,2011
Нападение байкеров на машину! (с неожиданным концом!),"15,766,889","15,639","2,200",People & Blogs,2014
Color changing Lightning McQueen,"7,005,951",803,907,Gaming,2010
Funny baby girl faces,"13,524,975","10,164","1,532",People & Blogs,2007
When You play dodgeball with a Softball player. licensing@rumble.com,"2,134,991","12,128",299,Comedy,2017
Bird learns how life works,"4,916,042","74,420",703,Gaming,2015
экстремальный взлет в Бодайбо.mp4,"1,891,710","3,389",109,Autos & Vehicles,2012
HOW TO GET IT - HYPNOTIQ FT. LIL WAYNE (PRODUCED BY SOUNDMASTER T),"3,040,398","8,936",17,Music,2016
How to spend a sick day,"4,292,471","1,650",29,People & Blogs,2014
Ikan Besar Terdampar di pantai anakotao/Hulung Des,"8,191,516","1,978",357,People & Blogs,2017
внезапно,"962,437","2,280",257,People & Blogs,2017
Супер герои сервиса Nissan — Тайро,"1,921,703","2,947","1,776",People & Blogs,2017
Clumsy Dog,"3,432,791","24,140",254,Gaming,2017
Proposal In Disney World With A Surprise Ending,"3,379,064","3,034",149,Entertainment,2012
Управлять бизнесом удобно и просто! Пакет услуг “Легкий старт” от Сбербанк для малого бизнеса.,"8,162,969",29,7,Nonprofits & Activism,2018
Im sorry?,"3,670,491","30,180",171,People & Blogs,2017
porch hands,"788,325","1,899",82,Film & Animation,2016
"Fripozo | Alrededor de una mesa se comparten un montón de cosas…y sin ella, también.","2,067,244",38,26,Howto & Style,2018
Deep Eddy Vodka: Set the Stage,"4,000,769",2,0,Entertainment,2018
"ILLENIUM, Jon Bellion - Good Things Fall Apart (Lyric Video)","3,474,334","108,128","1,292",Music,2019
URBAN LIFESTYLE - Iconix Energy Youtube Commercial,"1,698,423",7,4,Sports,2019
A Breech In The System - trailer,"48,637,746","3,343","2,670",People & Blogs,2010
Woman harassed and hit by a man in the streets of Paris [Eng/Fr],"7,022,746","1,638",760,People & Blogs,2018
WII,"1,634,684","8,333",338,Entertainment,2006
MUSTANG DRAG CAR @ WSID=1,"1,428,328",427,247,Autos & Vehicles,2007
"faire grossir sa poitrine, ses seins how to make big tits boobs","2,271,592","2,923",215,Film & Animation,2011
Best Robot Dance Ever - Icmeler 2010,"2,576,129",950,"4,503",Entertainment,2010
Seleccion Argentina 2010 Waving Flag,"1,190,356","2,026",65,Sports,2009
Luciana Vendramini no Fórmula Única,"2,900,719",365,171,Entertainment,2006
Hövding krocktest,"2,394,252","1,734",87,Science & Technology,2010
SHARK ATTACK - Don't touch the glass !!,"2,058,082","7,435","1,067",People & Blogs,2014
The Most Loving Cat In The World,"3,411,990","4,751",74,People & Blogs,2015
Parks and Rec Come back joke,"2,482,309","20,964",224,Comedy,2012
AIELLO - ORA (Official Video - Sanremo 2021),"1,132,390","23,083",887,Music,2021
Mila Kunis Tells Off A Reporter In Fluent Russian,"3,324,459","23,701",834,Entertainment,2012
Cociná a leña con Bosca,"1,140,657",4,0,Entertainment,2019
Crayola lets kids go free to Sea Life,"1,041,896",7,3,Education,2019
Boomerang,"3,050,764","3,939",290,Comedy,2005
Prehistoric shark captured on film,"12,466,431","11,517",769,Pets & Animals,2007
Kale's nail biting video 1,"1,123,520",253,735,People & Blogs,2017
Beijing Airpocalypse Arrival,"1,237,586","1,923",438,People & Blogs,2017
I can feel it down in my plums....,"1,576,942","4,498",153,Comedy,2009
Dance Precisions   Scream   Shout,"1,731,322",963,206,Music,2014
Жизнь пластиковой бутылки,"2,061,290","2,432",387,People & Blogs,2017
Man shot on camera by the police - Police brutality,"17,056,400","8,834","4,604",Entertainment,2011
Elephant lucky from the jaws of crocodile,"2,730,336","1,187",169,People & Blogs,2017
Mr Bean imitator 3 voor amusement - boekt u bij www.jbproductions.nl,"8,411,133","1,194","1,216",Entertainment,2007
Flying nut high five,"7,852,043","62,744",748,People & Blogs,2014
Ae Dil Hai Mushkil Cover Unwind -- Tabitha Chettupally,"5,081,915","5,011",118,People & Blogs,2017
YouTube配信広告「社員登場編」,"4,592,080",58,31,Autos & Vehicles,2015
Carlsberg stunts with bikers in cinema,"22,426,928","50,810",806,Entertainment,2011
Panchlait - Teaser 2 | Prem Modi | Funtime Entertainment,"885,706","5,835",217,Film & Animation,2017
tommy wiseau can't understand millennials,"3,320,857","28,326",198,Comedy,2017
Maximus by Kerbedanz - the biggest known tourbillon for wristwatch,"1,263,651","10,376",126,People & Blogs,2017
kitchen makeover fail,"3,975,191","1,514","2,231",People & Blogs,2012
FIA WEC 2018 Spa Francorchamps Crash #17 BR Engineering BR1-AER Eau Rouge,"1,586,550","1,739",75,Gaming,2018
Explosion galaxy note7 in the burger king korea,"3,957,239","4,330","2,350",People & Blogs,2016
Carlos Alberto 1970 wondergoal,"1,512,563","1,552",118,Sports,2006
Marea que se joda el viento,"1,574,564","1,540",66,Music,2006
GTA San Andreas Car Mods,"1,407,396",975,134,Entertainment,2007
The Red Solstice 2:Survivors - Price of failure,"7,812,856",197,10,Gaming,2019
"Just Eat - Mød LêLê, Grillen Burgerbar, Kebabish & Perbacco","9,619,541",8,16,Entertainment,2018
Subaru Get More G's Ad 1,"9,149,607","4,290",515,Autos & Vehicles,2010
DBGT ssj4 Gogeta vs Omega Shenron,"1,135,406",605,55,Film & Animation,2008
VTEC SOUND,"1,439,814","2,379",110,Autos & Vehicles,2006
Comedian Hits on Hecklers Girlfriend,"5,260,834","6,870","1,032",Comedy,2007
Primer Caño a Ronaldinho,"1,736,901","1,861",306,Sports,2007
"Ronaldinho,C.Ronaldo,Kaka","4,970,841","3,199",257,Sports,2010
REAL LIFE TRANSFORMER,"1,818,326","1,989",284,People & Blogs,2007
FloRida - Right Round (VinylRockerz Remix),"3,334,348","3,889",471,Music,2009
Disney songs (2),"2,141,164","1,164",74,Film & Animation,2007
Alicia Keys How to Save A Life (the Fray Cover) Radio One Live Lounge,"974,519","1,532",803,Music,2009
"Margot loves Brown Bear, Brown Bear. Baby laughing","3,320,366","1,239",28,People & Blogs,2014
Strange creature freaks out plantation workers in Sarawak,"9,700,006","2,478","2,027",News & Politics,2015
Polar bear petting dog,"8,058,364","24,707","1,821",Entertainment,2016
Light Rain,"3,488,820","2,995",60,Entertainment,2009
JD Pantoja - 12•19 (Trailer),"2,144,710","317,352","8,155",Music,2020
Funny commercials-21,"3,285,284",702,0,Comedy,2010
RickRoll'D,"78,178,105","318,037","44,953",Music,2007
My dad flew into town to surprise his parents.,"888,893","8,190",113,People & Blogs,2016
Fat Bike caught on an Electric Fence!,"3,580,228","13,803",406,People & Blogs,2017
Girl falls off stage while getting proposed to at dallas music festival ORIGINAL (part 1),"322,489",887,239,People & Blogs,2017
Cantona VS Supporter,"3,694,102","5,186",465,Sports,2011
パンツだけなのは正常です,"5,498,422",561,234,Howto & Style,2008
婚前試愛 2010年12月23日 電影廣告,"48,695,613","2,444","2,753",Film & Animation,2010
Toys.ee - BABY born® nukk,"18,423,437","2,431","1,853",Entertainment,2008
"Rihanna ""Cry""","32,695,896","47,735","1,456",Music,2007
Funny Football,"37,544,668","37,127","2,904",Comedy,2006
Ministry of Silly Walks,"9,558,072","39,783","1,251",Comedy,2006
burp helium (so funny),"12,552,948","81,470","2,073",People & Blogs,2014
the fast and the furious music,"4,043,321","1,617",581,Music,2009
Driving on Water,"1,208,750",392,15,Autos & Vehicles,2007
Kelly Clarkson - Stronger (lyrics + deutsche Übersetzung),"2,264,728","4,545",126,Music,2012
John Cena - My Time Is Now,"38,332,239","52,593","5,494",Music,2007
Ken Lee or Without you by Mariah Carey (ENGLISH SUBTITLES),"18,308,842","28,127","1,491",Entertainment,2008
BallsCrash,"280,745,872","64,224","21,652",Comedy,2009
Sister Act 2 - Oh Happy Day,"37,730,464","87,538","1,589",Music,2006
Of Monsters And Men - Love Love Love,"3,474,904","16,311",170,Music,2010
Red Suit || Official HD Video || Latest Punjabi Songs || RK Ramme,"1,080,296","2,237",61,Music,2017
"Балаклея, Харьков, момент детонации","1,941,205","4,907",197,People & Blogs,2017
Opening a 9-year old Easter egg,"2,807,049","3,455","1,006",People & Blogs,2017
Knight and Day - Trailer 3,"1,530,779","1,098",66,Entertainment,2010
Loch Ness Monster Sighting 7th May 2017 About 9am,"1,894,110",447,985,Travel & Events,2017
ITS ALL IN THERE REMIX,"2,081,718","3,024",52,Music,2017
David Nalbandian angrily kicks Linesman in Queens Final [17/6/12] - BBC One (ORIGINAL VIDEO),"4,758,192","2,286",991,Entertainment,2012
I was in a wedding and smashed my face,"1,596,447","6,001",176,People & Blogs,2017
Fox News idiocy.,"1,227,176","5,383",457,News & Politics,2017
Bike Race Free - Racing Game - Lots of NEW CONTENT,"26,882,229","3,145","1,435",Gaming,2016
9-30-2017 Marilyn Manson Hammerstein Ballroom prop/stage collapse,"1,315,977",799,221,People & Blogs,2017
"This is a dollar, not a card","1,144,211","6,389",132,People & Blogs,2017
Fedez - Prima di ogni cosa (Official Video),"4,833,788","202,477","7,131",Music,2018
Meet Will,"3,121,597","40,432",313,Comedy,2018
Accidente en lineas  de alta tension,"809,389",161,30,Education,2008
Insano - The biggest waterslide of the world - Brazil - Ceará - Fortaleza,"2,429,774",743,218,Comedy,2009
Air Crashes & Accidents,"4,668,120",562,"1,486",Autos & Vehicles,2009
Dashcam BMW crash,"5,666,551","14,735","1,208",People & Blogs,2016
Lamborghini Reventon vs. Tornado,"9,550,473","8,190",873,Autos & Vehicles,2008
Carnival Magic Cruise ship nearly runs over jet skiers,"1,701,340","2,062",328,Nonprofits & Activism,2017
Audi RS6 5.0 V10 TFSI Beschleunigung 0-351km/h www.kubatech.de,"4,546,880","2,408",272,Autos & Vehicles,2009
Subway® | Richtig lecker. Richtig günstig. | TV Spot,"10,537,317",33,17,Entertainment,2020
8 Rules of Fight Club Trailer,"1,352,408","2,752",97,Entertainment,2006
The Muppets Electrical Nose Warmer,"944,461","1,267",41,Comedy,2007
Kid singing Britney Spears scared to death by his mom,"11,940,134","39,480","2,324",Comedy,2007
Waving Flag - Cancion del Mundial Sudafrica 2010 - K'naan y David Bisbal.flv,"1,694,185","2,000",46,Sports,2010
Kingdom Hearts: Birth By Sleep (PSP) trailer [High Quality],"4,245,757","14,725",346,Entertainment,2007
King Kuduro - Il faut danser,"4,816,624","3,361",181,Music,2009
GTA San Andreas Tuning Mod,"1,532,108",647,91,Gaming,2009
魚を生かしていたら、まさかの惨事！！,"2,306,190",106,300,Sports,2009
pool trickshots in the news,"1,216,090",694,84,Sports,2007
UFO-Doctor Doctor,"1,142,679","4,305",55,Music,2008
Bull Moose Charges Truck,"3,775,980","5,080","6,017",Pets & Animals,2009
Vai ser Burra assim la longe,"3,458,731","1,897",381,Comedy,2008
My Diablo 3 Inferno Tactic,"2,362,860","22,368",787,Gaming,2012
Selena Gomez Come And Get It Live Performance SINGING LIKE AN ANGEL !,"5,943,702","7,132","2,859",Music,2009
Simona Halep Q Match1_2 Paris Indoors 2009,"5,529,798","2,561",132,Sports,2009
singing hippopotamus,"6,380,182","3,440",399,Comedy,2005
"Marcela Gandara ""Antes de Ti""","1,803,120",572,41,Music,2006
Derrick Barry (Britney Spears) - America's Got Talent,"5,370,442","12,906",757,Entertainment,2008
10/21 苗栗中正盃－萬能科大球員攻擊中央大學球員,"635,395",137,763,People & Blogs,2016
Cleveland and Chicago Unite to Defeat Trump - TrumpTraders.org,"1,155,708",21,62,News & Politics,2016
2016 MAMA 王大陸 大平台,"1,735,464","2,708","4,760",People & Blogs,2016
Rabbit Vs Snake.  Momma Rabbit save babies - Original Video,"24,914,138","21,753","1,239",Pets & Animals,2015
Yakult One And Only - English,"34,686,085",391,179,Travel & Events,2017
Heaven - DJ Sammy Remix,"11,370,933","21,100",0,Music,2006
Unlikely couple: Liaison between a Sika deer and a Japanese snow monkey,"3,126,743","1,009",474,Pets & Animals,2017
Jeopardy: What is a threesome?,"2,838,751","7,651",126,Comedy,2011
"Spinal Tap - ""These go to eleven....""","1,880,022","10,651",160,Comedy,2011
"Assault on Most Reverend Manuel A. Cruz, Auxiliary Bishop of the Archdiocese of Newark","1,301,276","1,317",530,Film & Animation,2017
Älg i vak,"2,104,408","8,941",147,Pets & Animals,2017
LA CINTURA MAS DELGADA DEL MUNDO,"54,003,557","15,233","10,100",Entertainment,2007
David Hasselhoff - Hooked on a Feeling,"13,848,813","42,810","4,411",Music,2006
Wooden spoon trick - Sleifaratriðið,"5,644,916","10,964",416,Entertainment,2010
QURAN,"437,840",30,218,People & Blogs,2017
"Familiada - Imię męskie na literę O. (Oliwier, Oliwia)","969,271","4,668",204,People & Blogs,2017
Ryan Gosling - Epic Old Dancing Videos 1992,"1,694,235","6,734",210,People & Blogs,2015
Ronaldinho truco increíble 2011,"21,752,141","7,507","1,779",Sports,2011
Ovechkin fight vs Columbus,"908,626","4,112",376,Entertainment,2017
Spider-man - Double Track - Fan Film [2007],"30,976,762","9,263","4,457",Film & Animation,2007
Mr.President- Coco jumbo,"8,029,186","13,431",522,People & Blogs,2007
Metallica-Fade To Black,"35,496,234","88,736","2,442",Music,2006
Phun Car,"7,045,249","1,006","1,151",Science & Technology,2009
Super platano brothers,"1,595,388","14,720",344,Comedy,2017
Red Dawn Trailer,"3,964,762","1,323",222,Entertainment,2012
My Name Is - Eminem (Backwards Message),"3,541,035","5,004",575,Music,2006
津波　TSUNAMI - Earthquake (3/11)　20110411,"6,683,001","2,295",345,Comedy,2011
Teijin Aramid | Be sure with aramids in automotive,"2,783,994",3,0,Science & Technology,2020
The last thing my Nest cam saw...,"1,103,324","2,863","3,111",Comedy,2017
Националисты на митинге 12 июня. Расследование Je Suis Maidan,"1,220,251","1,393","2,469",People & Blogs,2017
2017 04 12 Przejscie,"1,098,005","7,520",422,People & Blogs,2017
"KAMILLA - Нет любви (Премьера клипа, 2017)","1,260,133","3,393","1,468",People & Blogs,2017
Announcing Fyre Festival,"3,293,365","1,563","12,051",People & Blogs,2017
水族館大魚突然死亡 Sudden death of a fish in Okinawa aquarium,"1,194,632","1,207",738,People & Blogs,2013
Jean-Claude Juncker drunk and bitch slaps leaders,"2,668,268","5,378",576,People & Blogs,2015
Maddie Waiting for the Beat to Drop,"9,868,674","68,446","2,692",People & Blogs,2017
Black bear charge(attack) fire river ontario spring 2017,"5,002,420","7,240","1,243",People & Blogs,2017
"Silverado 500,000 mile celebration","836,184","11,538",283,People & Blogs,2017
Android Lost intro,"1,552,477",321,93,People & Blogs,2015
Chroma Key test,"7,527,125","41,698","1,547",Entertainment,2010
Grandpa Break Dancing Battle,"1,274,520","1,207",78,People & Blogs,2014
Это шок..вот так русские актеры подрабатывают в ночную смену..,"769,783",715,"10,522",People & Blogs,2017
New Champ Kayn/Rhaast Leak for LOL (Moobeat credit me you derro),"847,249","1,857",173,People & Blogs,2017
Революция на Дворцовом :)),"711,353","1,222","3,832",Entertainment,2017
Fedez - PRIMA DI OGNI COSA (Teaser),"885,149","29,689","2,992",Music,2018
You can't even text and walk,"1,154,376","10,616",496,People & Blogs,2017
#Despacito with snoring - Despacito con ronquidos,"2,812,994","18,051",762,People & Blogs,2017
Coconut tree fall on woman 'Kanchan Rajatnath',"1,568,903",489,200,People & Blogs,2017
Artifact new game announcement from Valve crowd reaction,"1,301,165","17,084","1,900",Music,2017
Brian Ambrosini - AMC Gremlin - Wheelie Competition - Winner!,"15,505,994","5,350",280,Autos & Vehicles,2006
El Connecto,"3,583,270","41,735",485,People & Blogs,2018
Dennis Lloyd - Never Go Back (Official Video),"720,437","26,772",274,Music,2019
"Begun, the Duck War has","3,586,169","51,443",300,Entertainment,2017
Party Boy Corey Worthington and his Famous Sunglasses,"896,419","7,060",152,News & Politics,2008
聯邦銀行2018品牌形象廣告-相信‧希望 (60秒完整版),"5,842,728",299,76,People & Blogs,2018
Cat doesn't like Trump,"1,200,385","4,548",198,People & Blogs,2016
Bassem Rashidi - Rabbi Salli | Send Blessings ( باسم رشيدي - ( ربي صَلِّ,"1,047,281","1,172",5,Music,2016
Bjergsen Mom Appear in bikini during stream,"2,166,792","2,993",174,Gaming,2016
V'OLGA - ЛОВИЛА,"1,136,235","2,735",756,People & Blogs,2017
Amtrak F40PH and Amfleet Cars Video 1,"1,212,253",128,60,Autos & Vehicles,2007
expo mouland,"1,060,048",276,73,Autos & Vehicles,2008
Poligrip Max Seal - The Big Game,"3,714,231",5,7,People & Blogs,2018
Motorcycle Accident,"2,581,137",977,812,Autos & Vehicles,2009
Red Remover Walkthrough 21-45 on PAR,"10,288,090","2,194",643,Gaming,2009
David Tavaré - Hot Summer Night (Oh la la la),"1,337,402","1,893",74,Music,2008
Me prende!! megusta sentir tu cuerpo!!,"861,153",305,57,Music,2011
Amazing Japanese Fake Pool,"44,730,824","68,934","3,827",People & Blogs,2007
Bob Sapp vs. Kimo UFC-K1 fight,"1,223,675","1,022",148,Sports,2008
СТОП ХАМ. водила Х 5 бурит по полной,"2,595,029","4,452",570,Autos & Vehicles,2011
4 year old section Juan and Edgar,"1,006,860",680,615,Entertainment,2006
Dj Akman KLibi www.xwebtasarim.com,"1,069,153",341,32,Music,2006
KAJOL IN YEH DIL LAGI,"73,698,562","6,092","4,683",Entertainment,2009
"Oda a ""The britains got talent"" (subtitulado).","2,125,187","2,542",180,People & Blogs,2012
Gta san andreas Drift 2,"1,613,818",929,692,Entertainment,2007
train stuck in snow,"1,463,580",834,96,News & Politics,2010
Sims 2 - Everyday,"877,651",592,76,Film & Animation,2007
Lee Sin's great escape [Fixed!],"1,610,253","9,278",152,Gaming,2012
The Black Dahlia movie trailer,"820,548",996,56,Entertainment,2006
mike mo 12 yrs old,"899,520","2,384",189,Sports,2008
"Gregory lemarchal, sos d'un terrien en detresse","1,538,856","1,263",37,Music,2006
Ford Mustang Launch (street),"1,001,605","2,214",27,Autos & Vehicles,2008
ANAHI (rebelde) bailando LAS DIVINAS (remix),"9,347,451","2,426","1,565",Entertainment,2009
Billie Jean (Live),"1,240,220","3,198",67,Entertainment,2006
Птиц засасывает вместе с зерном на хлебозаводе,"3,120,409","21,206","2,663",People & Blogs,2016
paulista,"940,489",471,"1,155",People & Blogs,2016
The Big Fat Quiz Of The 90s   Mr Blobby,"951,835","7,347",121,People & Blogs,2014
"Fasma, GG - Parlami (Official Video - Sanremo 2021)","757,718","25,704",243,Music,2021
Naruto - Konoha's Hokage,"1,054,505","1,137",0,Entertainment,2008
Struggling with a new Phone,"1,451,235","16,223",634,Entertainment,2017
Big Bang Theory - Why Sheldon does not celebrate christmas,"1,684,744","4,911",135,Comedy,2010
метеорит Хакасия 06 12 2016,"1,344,770","8,338",351,Autos & Vehicles,2016
Rocky Balmoto,"2,218,572","10,869","1,626",People & Blogs,2016
Charlie vs Swayze,"2,740,111","5,818",289,People & Blogs,2014
Dave Chappelle on Martin Lawrence and Hollywood Culture,"1,135,513","6,993",85,People & Blogs,2014
Don't Try This At Home,"1,282,361",180,66,People & Blogs,2016
BBC Weatherman Caught Giving Middle Finger on Stage,"510,985","3,000",156,News & Politics,2010
Irie Maffia: Hands In The Air,"1,944,899","5,590",107,Music,2008
Pirate War: Age of Strike (Playwar Strategy Game official video),"999,009",152,70,People & Blogs,2017
Man streaming paid main event fight on facebook caught by foxtel,"874,365","2,262",494,People & Blogs,2017
MMA Fighter KO's Ring Card Girl,"1,163,800",78,257,Comedy,2016
Amazing dog saves another dog by Rafael Franciulli perro rescata otro perro,"1,623,506","2,602",528,Music,2017
Sound of Music | Central Station Antwerp (Belgium),"32,829,385","67,866","1,405",Entertainment,2009
Cute Golden retriever rescuing her teddy bear,"2,789,609","12,852",427,People & Blogs,2013
"A Leopard Hunting A Wild Boar -  Yala National Park, Sri Lanka - A WalkWithJith tour","12,939,960","2,304","4,304",Travel & Events,2011
Collateral - Tactical Draw Hip Shot [HD],"1,012,866","2,735",122,Entertainment,2012
2009 2010 car crashed - MUSIC SUCKS,"1,312,023",942,484,Autos & Vehicles,2009
Autos Waschen für Kinder - Android Spiel von Google Play,"743,942",85,54,Education,2017
Масштабная драка на матче Барселона - Реал.mp4,"651,436",331,80,Sports,2011
hipnotize,"9,248,421","7,999","1,268",Howto & Style,2007
Fake lenovo subwoofer,"896,059","2,624",93,Comedy,2013
ахах*,"48,947,998","9,522","9,893",People & Blogs,2010
Подборка невероятных удач 3,"10,235,025","20,874","1,453",People & Blogs,2011
Andrea Dellacasa  Sacandose ropa interior - Asi Somos [completo],"62,614,185","6,877","7,171",Entertainment,2010
In Flames - Trigger,"8,393,871","30,145",709,Music,2006
1 Guy KOs 7 Guys,"3,492,694","4,014","2,081",Sports,2011
It happens only in India !!!,"3,102,872","10,975",195,Entertainment,2011
Rubi de #LosXvdeRubi abucheada en los Premios MTV Miaw 2017,"601,433","2,164",524,People & Blogs,2017
real transformers,"957,498",411,182,Film & Animation,2007
Plaza English,"710,850",40,6,Film & Animation,2015
EKV - Krug (spot),"2,819,880","6,306",141,Music,2009
Food defender! Puppy vs ducks.,"1,628,501","2,798",123,Entertainment,2011
Fisher Price Laugh & Learn Fun With Friends Musical Table,"54,091,018","8,602","10,707",Gaming,2009
"Hups Baby Club, Slovakia","18,376,221","12,785","1,726",People & Blogs,2009
Hans Zimmer - Black Hawk Down (Main Theme),"18,846,951","57,057","1,006",Film & Animation,2008
Cat pushes dog into swimming pool,"682,941","1,811",186,Comedy,2015
All Football Intro,"1,984,750",197,106,People & Blogs,2017
"☃ Kid get's smacked by city plow driver ❄️ Belleville, Ontario","1,257,621","6,113","2,075",Nonprofits & Activism,2016
Barbara Weldens - Du pain pour les réveille-matin,"1,509,526","1,070",114,People & Blogs,2015
Gruzi - Don't let me down,"1,089,084","4,492",91,Music,2017
【100万再生回数達成】★大阪人気ナンバーワンのエステサロン★1分間ポンポンするだけで究極リフトアップ,"1,017,738","3,326","2,277",People & Blogs,2017
Scuba instructor pulls kitchen knife out of shark's head in Cayman,"2,083,069","1,962",175,People & Blogs,2017
Flying Phoenix Tattoo ORIGINAL VIDEO!,"2,109,447",823,45,Film & Animation,2017
"Coldplay covers Linkin Park's ""Crawling""","1,034,276","5,518",468,Music,2017
AND1 STREETBALL [Knock On Wood],"868,433","1,081",47,Sports,2007
И как это называется?,"545,044","1,706","3,138",People & Blogs,2016
Messi  loses tooth,"672,977",888,"1,455",People & Blogs,2017
LOTR cast make fun of Orlando Bloom,"2,756,627","12,934",195,Film & Animation,2011
Baby argues with Dog,"2,594,516","3,122",307,Comedy,2014
Brother just sent me this,"622,782","8,883",348,Entertainment,2017
150 Car Pile-Up on Michigan Highway I-94,"3,658,799","4,636",508,People & Blogs,2015
ARTH 2 Theatrical Trailer | Arth The Destination Official Trailer 2017,"1,342,169","8,347",14,Entertainment,2017
Doce Novembro - Creed - With Arms Wide Open,"2,389,729","2,464",56,Music,2007
Evie's first sip of Coke,"2,098,844","9,508","1,647",People & Blogs,2017
Ottawa cyclist struck by car!,"1,379,955","5,540",262,People & Blogs,2017
Dog Saves Deer... Good Boy Storm,"1,591,632","5,595",207,Education,2017
50 Cent: Blood on the Sand Trailer,"2,786,159","3,261",515,Entertainment,2008
Audi used car commercial in China. Full of sex discrimination,"818,670",558,"1,476",People & Blogs,2017
McDonald's drive thru,"726,293","9,536",207,People & Blogs,2016
This ain't my phone...,"2,049,699","1,565",255,Music,2017
Happy Birthday Cody,"734,558","7,194",191,Entertainment,2011
Nuovaluce Beauty Acne Device Kickstarter Video FDA Cleared www.nuovalucebeauty.com,"498,941","4,783",182,People & Blogs,2017
Piccola - Piccola (Official Fan Video),"1,650,882","4,499",189,Music,2017
ウマウマハルヒ,"853,961",627,207,Film & Animation,2008
(THE ORIGINAL FIRST VIDEO) Hidden inappropriate drawing in Maya the Bee!,"661,841","1,657",420,People & Blogs,2017
Parks and Recreation called it back in 2015. Cubs World Series 2016!,"205,257","1,557",113,Travel & Events,2016
Tom Waits - Falling Down,"858,697","1,980",48,Music,2008
Corona - #ThisIsLiving,"2,699,904",53,2,People & Blogs,2016
When your Amish town is frozen,"512,991","4,645",135,People & Blogs,2018
"Emma, Le Trefle","12,521,358","14,962",330,People & Blogs,2013
#YoNoTrabajo,"22,829,976","1,426",70,People & Blogs,2018
АВТО_ПОДСТАВА НЕ УДАЛАСЬ,"2,424,328","3,130",267,Autos & Vehicles,2011
Stasi peeing her pants,"1,950,860",560,281,Comedy,2009
Captain on United flight deals with some politics,"730,494",600,53,News & Politics,2016
Sign Language during our Wedding- 2015,"2,420,783","2,166",82,People & Blogs,2016
社長、コブダイ頼子にkiss!　波左間海中公園20150119,"2,185,266","1,921",66,People & Blogs,2015
Случился взрыв на станции метро Технологический институт,"2,353,696","2,793","4,727",Howto & Style,2017
Premier Mot,"14,025,612",20,3,Comedy,2019
Horizon League Tournament: Oakland vs Youngstown State,"1,379,497",111,75,Comedy,2014
Niemand liebt Autos mehr als willhaben | Spot 2,"10,876,985",49,15,Autos & Vehicles,2019
"COREOGRAFIAS RAUL CHARLO, BAILE MODERNO","2,602,204",720,201,Entertainment,2007
PA PANAMERICANO EL ORIGINAL,"25,349,977","28,213","1,986",Music,2010
Jade Foret et Arnaud Lagardere,"2,592,135",429,"2,007",People & Blogs,2011
Make a cigarette float,"720,739",144,281,Howto & Style,2007
Oasis' Noel Gallagher assaulted on stage in Toronto--2008-09-07,"2,389,276","2,342",255,Music,2008
El Aeromodelismo,"742,498",677,146,Sports,2008
"US Open Surfing - Huntington Beach, CA","4,040,497",860,764,Entertainment,2008
David Cook and David Archuleta Guitar Hero Commercials!,"2,911,092","8,025",495,Entertainment,2008
Pep's - Liberta ( VerSiOn KaraOké ),"1,053,812",929,77,Music,2007
The Strokes - New York City Cops (High Quality Live),"6,012,403","14,002",286,Music,2007
I slept with my teacher,"9,844,002","1,998","2,357",Film & Animation,2007
canon,"1,151,211","3,600",303,Music,2006
"Red Hot Chili Peppers "" Californication "" ( LIVE )","1,318,163","4,440",74,Music,2008
Tom Cruise Scientology Video - ( Original UNCUT ),"14,240,339","91,156","18,041",Entertainment,2008
Daredevil Trailer,"1,533,971","1,562",132,Film & Animation,2007
Japonista Legend   Japonista Sole Version,"3,570,199",301,387,Film & Animation,2010
"chien qui chante ""petit papa noel""","7,560,798","4,719","1,735",Pets & Animals,2006
disney world top 10 rides,"757,817",575,141,Entertainment,2009
"Before a Bush Speech, this happens","10,269,774","11,244","3,604",Comedy,2007
"Túlio Maravilha, o maior atacante do Brasil nos anos 90, faz de bicicleta o 972º gol da carreira","1,132,362",536,204,Sports,2011
Buttons-The Pussycat Dolls- A Music Video by Cameron Perrins,"1,370,046","1,661",548,Music,2007
AH-64 in action kabul afganistan part.1,"2,144,229","3,187",629,Autos & Vehicles,2007
OYSHO_SPORT,"32,808,096",12,4,Music,2019
7 Things To Do Before I'm 30- Trailer,"3,675,488","2,497",267,Entertainment,2008
Maradona_Dribble_skill,"5,154,149","4,152",158,Sports,2006
touch n go hercules R/C,"693,502",226,19,Entertainment,2007
MC Chaves Canta Funk do Jeremias (ORIGINAL),"8,846,667","9,158","1,147",Comedy,2007
Flo-Rida - Low routine,"13,329,843","10,448","1,373",Entertainment,2007
Brooke gets a tattoo,"17,642,798","2,103","1,621",People & Blogs,2007
Tenue de Soirée Christophe Maé Gad Elmaleh,"1,274,697","1,641",102,Music,2007
Eddie Sachs and Dave MacDonald fatal Crash @ Indy 500 1964,"1,193,770",354,37,Sports,2007
Trafalgar Law,"650,699",771,87,Film & Animation,2009
ホッキョクグマ　赤ちゃんの悲劇,"1,206,374",199,260,Pets & Animals,2009
The greatest goal to be ever waved off,"951,692","1,541",178,Sports,2011
Naruto german opening,"2,082,329","27,628","1,967",Entertainment,2007
Los 25 animales mas raros del mundo AFIRMAN LOS CIENTIFICOS,"1,051,406",516,811,Autos & Vehicles,2009
Fiat 500  vs  Nissan 350z,"2,110,577","1,437",146,Autos & Vehicles,2006
Britney Spears ft. Rihanna-S&M Live at Billboard Awards 2011,"1,475,634","2,487",267,Music,2011
Камаз видео (Село Вырыпаево - Мордовия)№4,"1,015,248",236,152,Autos & Vehicles,2012
Girl honks at ship,"12,100,810","69,506","3,924",Autos & Vehicles,2012
Упало,"1,198,916","2,351","1,747",People & Blogs,2016
11/2/16 Chicago Cubs World Series Champs! Wrigley / Skyline of Chicago - Celebrate! Party!,"1,045,871","2,549",83,People & Blogs,2016
60 Year Old Kills Hip-Hop Routine!!,"4,352,952","10,647",161,People & Blogs,2015
"Trump: If Ivanka weren’t my daughter, I'd be dating her","1,528,271","1,557","1,211",Comedy,2015
Саянский метеорит.,"701,308","2,013","3,013",People & Blogs,2016
EPIC Drum Solo FAIL!,"3,865,978","22,231",900,Comedy,2011
Bertolucci over Maria Schneider,"4,117,228",851,"1,937",Film & Animation,2013
Lil Loaded ft. YG - “Gang Unit Remix” (Official Video),"1,736,200","127,492","1,363",Music,2020
Real Gunfighter Lance Thomas on Justic Files,"1,063,456","6,840",0,News & Politics,2009
Home with dada - Time Lapse,"38,509,445","27,675",0,Entertainment,2012
Train- Drive by (with lyrics),"14,018,313","32,918",0,Music,2012
Ректальные Рейнджеры - Грязная работенка!,"1,058,118","1,790",955,Nonprofits & Activism,2016
The Smokey Life - With Lyrics (Leonard Cohen),"1,701,700","1,514",64,Music,2010
Head & Shouders - Ampollas Hidratación intensiva,"1,437,127",5,2,People & Blogs,2014
Out Of The Furnace -- Official Trailer,"1,479,394",301,40,Entertainment,2013
Luke Hemmings - Starting Line (Official Video),"635,002","129,469",179,Music,2021
Wild Child - Enya,"9,598,411","11,951",0,Entertainment,2006
What goes around (comes around) - Lyrics,"1,347,605","3,001",0,Music,2006
"Spongebob ""The Soldier of Love""","25,610,196","14,378",0,Music,2007
camera shutter speed matches helicopter`s rotor,"3,682,223","53,493",581,People & Blogs,2017
Self-Driving Uber running red light,"1,872,637","5,143","3,969",Autos & Vehicles,2016
Man destroys yellow jacket nest with bare hands ORIGINAL,"1,655,964","9,915",477,Comedy,2017
Scarlett Johansson for Grandma,"1,635,974","2,457",274,Entertainment,2017
Maintenance of a Double glazed PVC window,"1,706,353",567,76,Education,2012
Beijing 2008 - Usain Bolt 9.69 sec World Record 100m,"1,864,049",331,"1,416",Sports,2008
Когда твой худший враг - это ковер,"2,051,016","18,663","1,807",People & Blogs,2017
Pink - I Don't Believe You Official Music Video Sims 2 HD,"671,291",400,119,Music,2009
Stephen Colbert 2011 Commencement Speech at Northwestern University,"1,142,028","7,520",105,Comedy,2011
Funny bear - Cho kaka o,"556,376",98,59,Entertainment,2007
BMW Crash BENZ ขับรถระวังๆนะครับ เสียดายรถ,"766,364",395,31,Autos & Vehicles,2017
رقص وخمر باحدااسطح العماير المطله على الساريه العلم بجده اجانب,"1,348,369",273,695,People & Blogs,2016
Survive - Support Small Business - Facebook,"4,440,336",277,53,People & Blogs,2020
Dog loves ticklish fringe,"943,385","8,064",248,People & Blogs,2016
"""Terrified"" performed by Didi Benami, written by Kara DioGuardi and Jason Reeves.","1,275,336","4,344",59,Music,2010
What happens when you surprise your BF with a boxer puppy?,"681,624","3,157",36,People & Blogs,2013
Mano Negra - Mala Vida,"18,428,307","38,890","1,029",Music,2006
Brave Kitten Stands Up to Dog,"45,622,964","98,565","38,062",Entertainment,2011
Напугали бедолагу,"8,680,501","13,589",690,Comedy,2011
方珈悠嬉水片段.mp4,"45,632,326","4,263","9,843",Entertainment,2010
Caroline - Status Quo,"5,114,818","7,759",171,Music,2006
5 biggest planes in the world,"4,044,462","3,746",929,Entertainment,2009
** FREE PSN / STEAM CODES **. Dropping every 250 subscribers!,"731,822",15,43,Gaming,2017
Охотничий кот,"670,799","5,378","3,901",People & Blogs,2016
HOMEFRONT [Official Trailer],"3,469,160","1,551",30,Entertainment,2013
"Lightning hits the sea - HD - Bay of Kotor, Montenegro","3,690,436","8,840",394,Entertainment,2012
Funny Cats,"57,324,296","143,295","3,809",Pets & Animals,2007
Жилье для инвалида. Ужасы Сыктывкара.,"737,404","1,471",212,People & Blogs,2017
funniest field set ever in Cricket,"6,502,261","2,672",503,Sports,2009
Mariah Carey New Years Eve 2016 2017,"2,766,473","2,015","2,655",People & Blogs,2017
Good old days,"1,249,801","10,317",145,Gaming,2016
Finch Frozen to Fence Rescue,"3,702,696","25,741",152,People & Blogs,2017
"Children Of Bodom - ""In Your Face""","10,945,662","44,450","1,852",Music,2006
Adam Braidwood vs. Tim Hague,"1,884,834",538,"1,047",Sports,2017
Mercedes Benz Atego truck drift in the snow,"1,654,960",723,168,Autos & Vehicles,2007
Racist Woman yelling and demanding to see a white doctor born in Canada.,"1,614,429","6,369","2,096",Comedy,2017
Male cry jury with an incredible voice,"27,566,202","55,010","1,927",Music,2011
Human Turkish Get Up,"21,193,172","13,643","2,737",Sports,2011
bob marley,"23,465,084","40,072","1,023",Music,2006
BARCS vet tech comforts crying puppy,"805,865","1,041",32,People & Blogs,2016
Выборы 2018. Шокирующий фильм Никиты Михалкова «Лоботомия»,"2,056,243","5,762","28,321",Nonprofits & Activism,2017
Duiosa unica bonita,"21,679,223","13,097","1,155",Film & Animation,2008
Juiceee feat. Milena Ceranic - Bikini,"5,790,939","8,173","1,653",Music,2011
Anaconda died because of eating another Snake,"7,540,231","1,033",237,People & Blogs,2015
100 greatest funny videos in the world,"18,742,994","11,645","2,828",Entertainment,2010
Orbit México - Aeropuerto,"56,145,673","1,845",989,Howto & Style,2016
JESUS CHRIST IN JURASSIC PARK,"1,133,562","2,677",878,Pets & Animals,2011
"Tommy Wiseau in The Room vs. James Franco in The Disaster Artist (""I did not hit her "" scene)","835,947","7,495",232,Film & Animation,2017
Charlie Charlie Challenge Android,"7,594,484","1,473",525,Gaming,2015
Selfie Domino,"7,135,785","7,993","3,168",People & Blogs,2017
Экстремальная экскурсия PNK,"14,316,983","5,944",375,Science & Technology,2017
SDCC 2018 D23EXPO LEAK AVENGERS 4 TEASER TRAILER GUARDIANS AND THOR,"902,113","5,250","16,759",People & Blogs,2017
Dogs Charge Police Officer Meridian Idaho David Gomez,"2,271,314","11,303",261,Nonprofits & Activism,2016
"Лидер вежливых фермеров о концерне ""Покровский""","815,205","5,214","1,997",People & Blogs,2017
Philippe Poutou - On n'est pas touché (clip officiel de campagne à la présidentielle 2017),"502,245","3,060",950,Pets & Animals,2017
Blinker fluid prank,"3,472,449","25,739","1,535",People & Blogs,2017
Champions and Challengers - Adventure Time - Pre-register on Google Play Store,"2,986,914",795,174,Gaming,2017
ITS Coop Travel - Traumhafte Ferien (kurz),"1,263,044",2,5,Travel & Events,2017
It Got Grandma!: Chimp at Zoo Throws Poo in Grandma's Face!,"3,975,037","24,800","1,387",Pets & Animals,2017
2017 0401 s10 Toruń Bydgoszcz,"1,273,971","3,076",454,Entertainment,2017
Eagles Fan Gets Wrecked by Pole,"706,418",877,40,Film & Animation,2018
UltraTap - новости из соцсетей,"498,038",706,"1,533",People & Blogs,2017
CALIFORNIA - MONDAY JUSTICE FEAT. SNOOP DOGG (Official Music Video),"943,248","2,949",22,Music,2017
John McEnroe's most famous outburst happened in Stockholm in 1984,"4,853,621","7,254",426,Sports,2010
Keg tapping goes horribly wrong.,"751,804","3,427",313,Entertainment,2017
LIVE Hurricane Irma - Downtown Orlando - American Safety Council,"554,438",184,8,News & Politics,2016
